path	line_count
runtime/src/api/auth.rs	59
runtime/src/api/config.rs	227
runtime/src/api/error.rs	73
runtime/src/api/mod.rs	132
runtime/src/api/models.rs	90
runtime/src/api/sink.rs	266
runtime/src/api/source.rs	270
runtime/src/configs/connectors.rs	386
runtime/src/configs/connectors/http_provider.rs	460
runtime/src/configs/connectors/http_provider/response_extractor.rs	304
runtime/src/configs/connectors/http_provider/url_builder.rs	263
runtime/src/configs/connectors/local_provider.rs	855
runtime/src/configs/mod.rs	21
runtime/src/configs/runtime.rs	388
runtime/src/context.rs	169
runtime/src/error.rs	84
runtime/src/log.rs	179
runtime/src/main.rs	522
runtime/src/manager/mod.rs	21
runtime/src/manager/sink.rs	584
runtime/src/manager/source.rs	585
runtime/src/metrics.rs	478
runtime/src/sink.rs	596
runtime/src/source.rs	588
runtime/src/state.rs	113
runtime/src/stats.rs	122
runtime/src/stream.rs	244
runtime/src/transform.rs	48
sdk/src/api.rs	152
sdk/src/convert.rs	52
sdk/src/decoders/flatbuffer.rs	274
sdk/src/decoders/json.rs	37
sdk/src/decoders/mod.rs	23
sdk/src/decoders/proto.rs	831
sdk/src/decoders/raw.rs	31
sdk/src/decoders/text.rs	37
sdk/src/encoders/flatbuffer.rs	395
sdk/src/encoders/json.rs	39
sdk/src/encoders/mod.rs	23
sdk/src/encoders/proto.rs	1124
sdk/src/encoders/raw.rs	34
sdk/src/encoders/text.rs	37
sdk/src/lib.rs	419
sdk/src/log.rs	96
sdk/src/retry.rs	448
sdk/src/sink.rs	289
sdk/src/source.rs	274
sdk/src/transforms/add_fields.rs	67
sdk/src/transforms/delete_fields.rs	68
sdk/src/transforms/filter_fields.rs	258
sdk/src/transforms/flatbuffer_convert.rs	188
sdk/src/transforms/json/add_fields.rs	187
sdk/src/transforms/json/delete_fields.rs	149
sdk/src/transforms/json/filter_fields.rs	290
sdk/src/transforms/json/mod.rs	47
sdk/src/transforms/json/test_utils.rs	93
sdk/src/transforms/json/update_fields.rs	224
sdk/src/transforms/mod.rs	127
sdk/src/transforms/proto_convert.rs	1189
sdk/src/transforms/update_fields.rs	78
sdk/tests/flatbuffer_integration.rs	489
sdk/tests/protobuf_integration.rs	427
sinks/elasticsearch_sink/src/lib.rs	362
sinks/http_sink/src/lib.rs	2130
sinks/iceberg_sink/src/catalog.rs	72
sinks/iceberg_sink/src/lib.rs	79
sinks/iceberg_sink/src/props.rs	43
sinks/iceberg_sink/src/router/arrow_streamer.rs	79
sinks/iceberg_sink/src/router/dynamic_router.rs	169
sinks/iceberg_sink/src/router/mod.rs	240
sinks/iceberg_sink/src/router/static_router.rs	101
sinks/iceberg_sink/src/sink.rs	104
sinks/influxdb_sink/src/lib.rs	1624
sinks/mongodb_sink/src/lib.rs	914
sinks/postgres_sink/src/lib.rs	800
sinks/quickwit_sink/src/lib.rs	210
sinks/stdout_sink/src/lib.rs	105
sources/elasticsearch_source/src/lib.rs	578
sources/elasticsearch_source/src/state_manager.rs	390
sources/influxdb_source/src/lib.rs	1399
sources/postgres_source/src/lib.rs	1411
sources/random_source/src/lib.rs	284
