symbol	path	start_line	end_line	kind	scope
resolve_api_key	runtime/src/api/auth.rs	33	33	regex	
HttpConfig	runtime/src/api/config.rs	37	37	regex	
fmt	runtime/src/api/config.rs	49	49	regex	
HttpMetricsConfig	runtime/src/api/config.rs	62	62	regex	
HttpCorsConfig	runtime/src/api/config.rs	68	68	regex	
HttpTlsConfig	runtime/src/api/config.rs	79	79	regex	
map_connector_config	runtime/src/api/config.rs	85	85	regex	
configure_cors	runtime/src/api/config.rs	113	113	regex	
default	runtime/src/api/config.rs	162	162	regex	
fmt	runtime/src/api/config.rs	171	171	regex	
default	runtime/src/api/config.rs	181	181	regex	
fmt	runtime/src/api/config.rs	194	194	regex	
fmt	runtime/src/api/config.rs	204	204	regex	
fmt	runtime/src/api/config.rs	214	214	regex	
ApiError	runtime/src/api/error.rs	26	26	regex	
ErrorResponse	runtime/src/api/error.rs	34	34	regex	
into_response	runtime/src/api/error.rs	40	40	regex	
init	runtime/src/api/mod.rs	40	40	regex	
get_metrics	runtime/src/api/mod.rs	126	126	regex	
get_stats	runtime/src/api/mod.rs	130	130	regex	
SinkDetailsResponse	runtime/src/api/models.rs	29	29	regex	
SinkConfigResponse	runtime/src/api/models.rs	36	36	regex	
SourceDetailsResponse	runtime/src/api/models.rs	43	43	regex	
SourceConfigResponse	runtime/src/api/models.rs	50	50	regex	
TransformResponse	runtime/src/api/models.rs	57	57	regex	
from	runtime/src/api/models.rs	63	63	regex	
from	runtime/src/api/models.rs	78	78	regex	
router	runtime/src/api/sink.rs	38	38	regex	
get_sinks	runtime/src/api/sink.rs	59	59	regex	
get_sink	runtime/src/api/sink.rs	72	72	regex	
get_sink_plugin_config	runtime/src/api/sink.rs	86	86	regex	
GetSinkConfig	runtime/src/api/sink.rs	109	109	regex	
get_sink_transforms	runtime/src/api/sink.rs	113	113	regex	
get_sink_configs	runtime/src/api/sink.rs	137	137	regex	
create_sink_config	runtime/src/api/sink.rs	157	157	regex	
get_sink_config	runtime/src/api/sink.rs	173	173	regex	
get_sink_active_config	runtime/src/api/sink.rs	202	202	regex	
UpdateSinkActiveConfig	runtime/src/api/sink.rs	218	218	regex	
update_sink_active_config	runtime/src/api/sink.rs	222	222	regex	
DeleteSinkConfig	runtime/src/api/sink.rs	235	235	regex	
delete_sink_config	runtime/src/api/sink.rs	239	239	regex	
restart_sink	runtime/src/api/sink.rs	251	251	regex	
router	runtime/src/api/source.rs	38	38	regex	
get_sources	runtime/src/api/source.rs	62	62	regex	
get_source	runtime/src/api/source.rs	75	75	regex	
get_source_plugin_config	runtime/src/api/source.rs	89	89	regex	
GetSourceConfig	runtime/src/api/source.rs	112	112	regex	
get_source_transforms	runtime/src/api/source.rs	116	116	regex	
get_source_configs	runtime/src/api/source.rs	140	140	regex	
create_source_config	runtime/src/api/source.rs	160	160	regex	
get_source_config	runtime/src/api/source.rs	176	176	regex	
get_source_active_config	runtime/src/api/source.rs	205	205	regex	
UpdateSourceActiveConfig	runtime/src/api/source.rs	221	221	regex	
update_source_active_config	runtime/src/api/source.rs	225	225	regex	
DeleteSourceConfig	runtime/src/api/source.rs	238	238	regex	
delete_source_config	runtime/src/api/source.rs	242	242	regex	
restart_source	runtime/src/api/source.rs	254	254	regex	
ConfigFormat	runtime/src/configs/connectors.rs	41	41	regex	
ConnectorConfig	runtime/src/configs/connectors.rs	55	55	regex	
default	runtime/src/configs/connectors.rs	61	61	regex	
version	runtime/src/configs/connectors.rs	67	67	regex	
CreateSinkConfig	runtime/src/configs/connectors.rs	76	76	regex	
to_sink_config	runtime/src/configs/connectors.rs	89	89	regex	
SinkConfig	runtime/src/configs/connectors.rs	106	106	regex	
CreateSourceConfig	runtime/src/configs/connectors.rs	124	124	regex	
to_source_config	runtime/src/configs/connectors.rs	137	137	regex	
SourceConfig	runtime/src/configs/connectors.rs	154	154	regex	
TransformsConfig	runtime/src/configs/connectors.rs	172	172	regex	
StreamConsumerConfig	runtime/src/configs/connectors.rs	178	178	regex	
StreamProducerConfig	runtime/src/configs/connectors.rs	189	189	regex	
ConnectorConfigVersionInfo	runtime/src/configs/connectors.rs	199	199	regex	
ConnectorConfigVersions	runtime/src/configs/connectors.rs	205	205	regex	
ConnectorsConfigProvider	runtime/src/configs/connectors.rs	211	211	regex	
create_sink_config	runtime/src/configs/connectors.rs	212	212	regex	
create_source_config	runtime/src/configs/connectors.rs	217	217	regex	
get_active_configs	runtime/src/configs/connectors.rs	222	222	regex	
get_active_configs_versions	runtime/src/configs/connectors.rs	224	224	regex	
set_active_sink_version	runtime/src/configs/connectors.rs	225	225	regex	
set_active_source_version	runtime/src/configs/connectors.rs	226	226	regex	
get_sink_configs	runtime/src/configs/connectors.rs	227	227	regex	
get_sink_config	runtime/src/configs/connectors.rs	228	228	regex	
get_source_configs	runtime/src/configs/connectors.rs	233	233	regex	
get_source_config	runtime/src/configs/connectors.rs	234	234	regex	
delete_sink_config	runtime/src/configs/connectors.rs	239	239	regex	
delete_source_config	runtime/src/configs/connectors.rs	241	241	regex	
create_connectors_config_provider	runtime/src/configs/connectors.rs	248	248	regex	
ConnectorsConfig	runtime/src/configs/connectors.rs	273	273	regex	
SharedTransformConfig	runtime/src/configs/connectors.rs	279	279	regex	
fmt	runtime/src/configs/connectors.rs	284	284	regex	
fmt	runtime/src/configs/connectors.rs	297	297	regex	
fmt	runtime/src/configs/connectors.rs	316	316	regex	
fmt	runtime/src/configs/connectors.rs	335	335	regex	
fmt	runtime/src/configs/connectors.rs	346	346	regex	
fmt	runtime/src/configs/connectors.rs	365	365	regex	
new	runtime/src/configs/connectors.rs	375	375	regex	
sinks	runtime/src/configs/connectors.rs	379	379	regex	
sources	runtime/src/configs/connectors.rs	383	383	regex	
SetActiveVersionRequest	runtime/src/configs/connectors/http_provider.rs	42	42	regex	
HttpConnectorsConfigProvider	runtime/src/configs/connectors/http_provider.rs	46	46	regex	
new	runtime/src/configs/connectors/http_provider.rs	53	53	regex	
check_response_status	runtime/src/configs/connectors/http_provider.rs	115	115	regex	
create_sink_config	runtime/src/configs/connectors/http_provider.rs	134	134	regex	
create_source_config	runtime/src/configs/connectors/http_provider.rs	160	160	regex	
get_active_configs	runtime/src/configs/connectors/http_provider.rs	186	186	regex	
get_active_configs_versions	runtime/src/configs/connectors/http_provider.rs	208	208	regex	
set_active_sink_version	runtime/src/configs/connectors/http_provider.rs	230	230	regex	
set_active_source_version	runtime/src/configs/connectors/http_provider.rs	249	249	regex	
get_sink_configs	runtime/src/configs/connectors/http_provider.rs	270	270	regex	
get_sink_config	runtime/src/configs/connectors/http_provider.rs	293	293	regex	
get_source_configs	runtime/src/configs/connectors/http_provider.rs	333	333	regex	
get_source_config	runtime/src/configs/connectors/http_provider.rs	356	356	regex	
delete_sink_config	runtime/src/configs/connectors/http_provider.rs	397	397	regex	
delete_source_config	runtime/src/configs/connectors/http_provider.rs	429	429	regex	
ResponseExtractor	runtime/src/configs/connectors/http_provider/response_extractor.rs	26	26	regex	
new	runtime/src/configs/connectors/http_provider/response_extractor.rs	33	33	regex	
extract	runtime/src/configs/connectors/http_provider/response_extractor.rs	44	44	regex	
navigate_path	runtime/src/configs/connectors/http_provider/response_extractor.rs	83	83	regex	
summarize_structure	runtime/src/configs/connectors/http_provider/response_extractor.rs	105	105	regex	
TestData	runtime/src/configs/connectors/http_provider/response_extractor.rs	144	144	regex	
test_direct_extraction_no_path	runtime/src/configs/connectors/http_provider/response_extractor.rs	150	150	regex	
test_nested_extraction_with_path	runtime/src/configs/connectors/http_provider/response_extractor.rs	166	166	regex	
test_wrapped_response	runtime/src/configs/connectors/http_provider/response_extractor.rs	186	186	regex	
test_missing_path_error	runtime/src/configs/connectors/http_provider/response_extractor.rs	206	206	regex	
test_error_path_detection	runtime/src/configs/connectors/http_provider/response_extractor.rs	225	225	regex	
test_error_path_null_is_ok	runtime/src/configs/connectors/http_provider/response_extractor.rs	244	244	regex	
test_deep_nested_path	runtime/src/configs/connectors/http_provider/response_extractor.rs	264	264	regex	
test_array_index_access	runtime/src/configs/connectors/http_provider/response_extractor.rs	285	285	regex	
DefaultUrls	runtime/src/configs/connectors/http_provider/url_builder.rs	23	23	regex	
TemplateKeys	runtime/src/configs/connectors/http_provider/url_builder.rs	43	43	regex	
UrlBuilder	runtime/src/configs/connectors/http_provider/url_builder.rs	63	63	regex	
new	runtime/src/configs/connectors/http_provider/url_builder.rs	72	72	regex	
build	runtime/src/configs/connectors/http_provider/url_builder.rs	145	145	regex	
build_with_query	runtime/src/configs/connectors/http_provider/url_builder.rs	164	164	regex	
test_default_templates	runtime/src/configs/connectors/http_provider/url_builder.rs	190	190	regex	
test_custom_template	runtime/src/configs/connectors/http_provider/url_builder.rs	201	201	regex	
test_version_substitution	runtime/src/configs/connectors/http_provider/url_builder.rs	218	218	regex	
test_query_parameters	runtime/src/configs/connectors/http_provider/url_builder.rs	230	230	regex	
test_query_based_custom_template	runtime/src/configs/connectors/http_provider/url_builder.rs	244	244	regex	
ConnectorId	runtime/src/configs/connectors/local_provider.rs	37	37	regex	
to_filename_key	runtime/src/configs/connectors/local_provider.rs	43	43	regex	
from	runtime/src/configs/connectors/local_provider.rs	49	49	regex	
SinkConfigFile	runtime/src/configs/connectors/local_provider.rs	64	64	regex	
SourceConfigFile	runtime/src/configs/connectors/local_provider.rs	72	72	regex	
ImportedConfigurations	runtime/src/configs/connectors/local_provider.rs	80	80	regex	
sinks	runtime/src/configs/connectors/local_provider.rs	86	86	regex	
sinks_grouped_by_key	runtime/src/configs/connectors/local_provider.rs	90	90	regex	
sources	runtime/src/configs/connectors/local_provider.rs	99	99	regex	
sources_grouped_by_key	runtime/src/configs/connectors/local_provider.rs	103	103	regex	
ActiveConfigVersions	runtime/src/configs/connectors/local_provider.rs	114	114	regex	
ProviderState	runtime/src/configs/connectors/local_provider.rs	121	121	regex	
Created	runtime/src/configs/connectors/local_provider.rs	123	123	regex	
Initialized	runtime/src/configs/connectors/local_provider.rs	128	128	regex	
LocalConnectorsConfigProvider	runtime/src/configs/connectors/local_provider.rs	134	134	regex	
new	runtime/src/configs/connectors/local_provider.rs	140	140	regex	
init	runtime/src/configs/connectors/local_provider.rs	147	147	regex	
active_versions_file_path	runtime/src/configs/connectors/local_provider.rs	281	281	regex	
load_active_versions	runtime/src/configs/connectors/local_provider.rs	285	285	regex	
save_active_versions	runtime/src/configs/connectors/local_provider.rs	307	307	regex	
create_file_config_provider	runtime/src/configs/connectors/local_provider.rs	321	321	regex	
read_base_config	runtime/src/configs/connectors/local_provider.rs	333	333	regex	
apply_plugin_config_env_overrides	runtime/src/configs/connectors/local_provider.rs	344	344	regex	
BaseConnectorConfig	runtime/src/configs/connectors/local_provider.rs	372	372	regex	
key	runtime/src/configs/connectors/local_provider.rs	378	378	regex	
connector_type	runtime/src/configs/connectors/local_provider.rs	385	385	regex	
create_sink_config	runtime/src/configs/connectors/local_provider.rs	395	395	regex	
create_source_config	runtime/src/configs/connectors/local_provider.rs	430	430	regex	
get_active_configs	runtime/src/configs/connectors/local_provider.rs	465	465	regex	
get_active_configs_versions	runtime/src/configs/connectors/local_provider.rs	516	516	regex	
set_active_sink_version	runtime/src/configs/connectors/local_provider.rs	581	581	regex	
set_active_source_version	runtime/src/configs/connectors/local_provider.rs	601	601	regex	
get_sink_configs	runtime/src/configs/connectors/local_provider.rs	621	621	regex	
get_sink_config	runtime/src/configs/connectors/local_provider.rs	634	634	regex	
get_source_configs	runtime/src/configs/connectors/local_provider.rs	659	659	regex	
get_source_config	runtime/src/configs/connectors/local_provider.rs	672	672	regex	
delete_sink_config	runtime/src/configs/connectors/local_provider.rs	697	697	regex	
delete_source_config	runtime/src/configs/connectors/local_provider.rs	748	748	regex	
ConnectorEnvProvider	runtime/src/configs/connectors/local_provider.rs	805	805	regex	
with_connector_base_config	runtime/src/configs/connectors/local_provider.rs	817	817	regex	
metadata	runtime/src/configs/connectors/local_provider.rs	837	837	regex	
data	runtime/src/configs/connectors/local_provider.rs	845	845	regex	
TelemetryConfig	runtime/src/configs/runtime.rs	36	36	regex	
default	runtime/src/configs/runtime.rs	44	44	regex	
fmt	runtime/src/configs/runtime.rs	55	55	regex	
TelemetryLogsConfig	runtime/src/configs/runtime.rs	65	65	regex	
default	runtime/src/configs/runtime.rs	72	72	regex	
fmt	runtime/src/configs/runtime.rs	81	81	regex	
TelemetryTracesConfig	runtime/src/configs/runtime.rs	91	91	regex	
default	runtime/src/configs/runtime.rs	98	98	regex	
fmt	runtime/src/configs/runtime.rs	107	107	regex	
TelemetryTransport	runtime/src/configs/runtime.rs	118	118	regex	
from_str	runtime/src/configs/runtime.rs	127	127	regex	
ConnectorsRuntimeConfig	runtime/src/configs/runtime.rs	139	139	regex	
IggyConfig	runtime/src/configs/runtime.rs	148	148	regex	
IggyTlsConfig	runtime/src/configs/runtime.rs	159	159	regex	
RetryConfig	runtime/src/configs/runtime.rs	167	167	regex	
default	runtime/src/configs/runtime.rs	180	180	regex	
fmt	runtime/src/configs/runtime.rs	192	192	regex	
LocalConnectorsConfig	runtime/src/configs/runtime.rs	207	207	regex	
HttpConnectorsConfig	runtime/src/configs/runtime.rs	213	213	regex	
fmt	runtime/src/configs/runtime.rs	232	232	regex	
default_from_secs	runtime/src/configs/runtime.rs	246	246	regex	
ResponseConfig	runtime/src/configs/runtime.rs	252	252	regex	
ConnectorsConfig	runtime/src/configs/runtime.rs	261	261	regex	
default	runtime/src/configs/runtime.rs	267	267	regex	
StateConfig	runtime/src/configs/runtime.rs	273	273	regex	
fmt	runtime/src/configs/runtime.rs	278	278	regex	
fmt	runtime/src/configs/runtime.rs	284	284	regex	
fmt	runtime/src/configs/runtime.rs	294	294	regex	
fmt	runtime/src/configs/runtime.rs	312	312	regex	
fmt	runtime/src/configs/runtime.rs	322	322	regex	
default	runtime/src/configs/runtime.rs	335	335	regex	
default	runtime/src/configs/runtime.rs	343	343	regex	
config_provider	runtime/src/configs/runtime.rs	355	355	regex	
ConnectorsEnvProvider	runtime/src/configs/runtime.rs	368	368	regex	
default	runtime/src/configs/runtime.rs	373	373	regex	
metadata	runtime/src/configs/runtime.rs	381	381	regex	
data	runtime/src/configs/runtime.rs	385	385	regex	
RuntimeContext	runtime/src/context.rs	39	39	regex	
init	runtime/src/context.rs	51	51	regex	
map_sinks	runtime/src/context.rs	80	80	regex	
map_sources	runtime/src/context.rs	126	126	regex	
RuntimeError	runtime/src/error.rs	23	23	regex	
as_code	runtime/src/error.rs	69	69	regex	
init_logging	runtime/src/log.rs	34	34	regex	
init_telemetry	runtime/src/log.rs	69	69	regex	
init_logs_exporter	runtime/src/log.rs	91	91	regex	
init_traces_exporter	runtime/src/log.rs	121	121	regex	
Args	runtime/src/main.rs	67	67	regex	
print_ascii_art	runtime/src/main.rs	110	110	regex	
main	runtime/src/main.rs	117	117	regex	
SinkConnector	runtime/src/main.rs	404	404	regex	
SinkConnectorPlugin	runtime/src/main.rs	409	409	regex	
SinkConnectorConsumer	runtime/src/main.rs	421	421	regex	
SinkConnectorWrapper	runtime/src/main.rs	428	428	regex	
SourceConnector	runtime/src/main.rs	433	433	regex	
SourceConnectorPlugin	runtime/src/main.rs	438	438	regex	
SourceConnectorProducer	runtime/src/main.rs	452	452	regex	
SourceConnectorWrapper	runtime/src/main.rs	457	457	regex	
path_with_known_extension_is_preserved	runtime/src/main.rs	469	469	regex	
path_without_extension_gets_os_suffix	runtime/src/main.rs	479	479	regex	
nonexistent_relative_path_lists_searched_locations	runtime/src/main.rs	493	493	regex	
nonexistent_absolute_path_returns_specific_error	runtime/src/main.rs	503	503	regex	
existing_file_resolves_directly	runtime/src/main.rs	513	513	regex	
SinkManager	runtime/src/manager/sink.rs	40	40	regex	
new	runtime/src/manager/sink.rs	45	45	regex	
get	runtime/src/manager/sink.rs	56	56	regex	
get_config	runtime/src/manager/sink.rs	60	60	regex	
get_all	runtime/src/manager/sink.rs	69	69	regex	
update_status	runtime/src/manager/sink.rs	79	79	regex	
set_error	runtime/src/manager/sink.rs	104	104	regex	
stop_connector_with_guard	runtime/src/manager/sink.rs	112	112	regex	
stop_connector	runtime/src/manager/sink.rs	130	130	regex	
start_connector	runtime/src/manager/sink.rs	178	178	regex	
restart_connector	runtime/src/manager/sink.rs	235	235	regex	
SinkInfo	runtime/src/manager/sink.rs	274	274	regex	
SinkDetails	runtime/src/manager/sink.rs	286	286	regex	
fmt	runtime/src/manager/sink.rs	296	296	regex	
create_test_sink_info	runtime/src/manager/sink.rs	310	310	regex	
create_test_sink_details	runtime/src/manager/sink.rs	324	324	regex	
should_create_manager_with_sinks	runtime/src/manager/sink.rs	343	343	regex	
should_get_existing_sink	runtime/src/manager/sink.rs	354	354	regex	
should_return_none_for_unknown_key	runtime/src/manager/sink.rs	366	366	regex	
should_get_config	runtime/src/manager/sink.rs	373	373	regex	
should_return_none_config_for_unknown_key	runtime/src/manager/sink.rs	382	382	regex	
should_get_all_sinks	runtime/src/manager/sink.rs	389	389	regex	
should_update_status	runtime/src/manager/sink.rs	405	405	regex	
should_increment_metrics_when_transitioning_to_running	runtime/src/manager/sink.rs	418	418	regex	
should_decrement_metrics_when_leaving_running	runtime/src/manager/sink.rs	432	432	regex	
should_clear_error_when_status_becomes_running	runtime/src/manager/sink.rs	445	445	regex	
should_set_error_status_and_message	runtime/src/manager/sink.rs	459	459	regex	
stop_should_return_not_found_for_unknown_key	runtime/src/manager/sink.rs	471	471	regex	
stop_should_send_shutdown_signal_and_update_status	runtime/src/manager/sink.rs	482	482	regex	
stop_should_work_without_container	runtime/src/manager/sink.rs	505	505	regex	
stop_should_decrement_metrics_from_running	runtime/src/manager/sink.rs	517	517	regex	
should_clear_error_when_status_becomes_stopped	runtime/src/manager/sink.rs	528	528	regex	
stop_should_clear_last_error	runtime/src/manager/sink.rs	543	543	regex	
stop_should_not_decrement_metrics_from_non_running	runtime/src/manager/sink.rs	558	558	regex	
update_status_should_be_noop_for_unknown_key	runtime/src/manager/sink.rs	570	570	regex	
set_error_should_be_noop_for_unknown_key	runtime/src/manager/sink.rs	579	579	regex	
SourceManager	runtime/src/manager/source.rs	41	41	regex	
new	runtime/src/manager/source.rs	46	46	regex	
get	runtime/src/manager/source.rs	57	57	regex	
get_config	runtime/src/manager/source.rs	61	61	regex	
get_all	runtime/src/manager/source.rs	70	70	regex	
update_status	runtime/src/manager/source.rs	80	80	regex	
set_error	runtime/src/manager/source.rs	105	105	regex	
stop_connector_with_guard	runtime/src/manager/source.rs	113	113	regex	
stop_connector	runtime/src/manager/source.rs	131	131	regex	
start_connector	runtime/src/manager/source.rs	176	176	regex	
restart_connector	runtime/src/manager/source.rs	242	242	regex	
SourceInfo	runtime/src/manager/source.rs	282	282	regex	
SourceDetails	runtime/src/manager/source.rs	294	294	regex	
fmt	runtime/src/manager/source.rs	303	303	regex	
create_test_source_info	runtime/src/manager/source.rs	317	317	regex	
create_test_source_details	runtime/src/manager/source.rs	331	331	regex	
should_create_manager_with_sources	runtime/src/manager/source.rs	349	349	regex	
should_get_existing_source	runtime/src/manager/source.rs	360	360	regex	
should_return_none_for_unknown_key	runtime/src/manager/source.rs	372	372	regex	
should_get_config	runtime/src/manager/source.rs	379	379	regex	
should_return_none_config_for_unknown_key	runtime/src/manager/source.rs	388	388	regex	
should_get_all_sources	runtime/src/manager/source.rs	395	395	regex	
should_update_status	runtime/src/manager/source.rs	411	411	regex	
should_increment_metrics_when_transitioning_to_running	runtime/src/manager/source.rs	424	424	regex	
should_decrement_metrics_when_leaving_running	runtime/src/manager/source.rs	438	438	regex	
should_clear_error_when_status_becomes_running	runtime/src/manager/source.rs	451	451	regex	
should_set_error_status_and_message	runtime/src/manager/source.rs	465	465	regex	
stop_should_return_not_found_for_unknown_key	runtime/src/manager/source.rs	477	477	regex	
stop_should_drain_tasks_and_update_status	runtime/src/manager/source.rs	488	488	regex	
stop_should_work_without_container	runtime/src/manager/source.rs	506	506	regex	
stop_should_decrement_metrics_from_running	runtime/src/manager/source.rs	518	518	regex	
should_clear_error_when_status_becomes_stopped	runtime/src/manager/source.rs	529	529	regex	
stop_should_clear_last_error	runtime/src/manager/source.rs	544	544	regex	
stop_should_not_decrement_metrics_from_non_running	runtime/src/manager/source.rs	559	559	regex	
update_status_should_be_noop_for_unknown_key	runtime/src/manager/source.rs	571	571	regex	
set_error_should_be_noop_for_unknown_key	runtime/src/manager/source.rs	580	580	regex	
ConnectorLabels	runtime/src/metrics.rs	30	30	regex	
ConnectorType	runtime/src/metrics.rs	36	36	regex	
Metrics	runtime/src/metrics.rs	42	42	regex	
init	runtime/src/metrics.rs	56	56	regex	
get_formatted_output	runtime/src/metrics.rs	129	129	regex	
set_sources_total	runtime/src/metrics.rs	137	137	regex	
set_sinks_total	runtime/src/metrics.rs	141	141	regex	
get_sources_total	runtime/src/metrics.rs	145	145	regex	
get_sinks_total	runtime/src/metrics.rs	149	149	regex	
get_sources_running	runtime/src/metrics.rs	153	153	regex	
get_sinks_running	runtime/src/metrics.rs	157	157	regex	
increment_sources_running	runtime/src/metrics.rs	161	161	regex	
decrement_sources_running	runtime/src/metrics.rs	165	165	regex	
increment_sinks_running	runtime/src/metrics.rs	169	169	regex	
decrement_sinks_running	runtime/src/metrics.rs	173	173	regex	
increment_messages_produced	runtime/src/metrics.rs	177	177	regex	
increment_messages_sent	runtime/src/metrics.rs	186	186	regex	
increment_messages_consumed	runtime/src/metrics.rs	195	195	regex	
increment_messages_processed	runtime/src/metrics.rs	204	204	regex	
increment_errors	runtime/src/metrics.rs	213	213	regex	
get_messages_produced	runtime/src/metrics.rs	222	222	regex	
get_messages_sent	runtime/src/metrics.rs	231	231	regex	
get_messages_consumed	runtime/src/metrics.rs	240	240	regex	
get_messages_processed	runtime/src/metrics.rs	249	249	regex	
get_errors	runtime/src/metrics.rs	258	258	regex	
test_metrics_init	runtime/src/metrics.rs	273	273	regex	
test_set_sources_total	runtime/src/metrics.rs	284	284	regex	
test_set_sinks_total	runtime/src/metrics.rs	293	293	regex	
test_increment_sources_running	runtime/src/metrics.rs	302	302	regex	
test_decrement_sources_running	runtime/src/metrics.rs	312	312	regex	
test_increment_sinks_running	runtime/src/metrics.rs	323	323	regex	
test_decrement_sinks_running	runtime/src/metrics.rs	332	332	regex	
test_increment_messages_produced	runtime/src/metrics.rs	343	343	regex	
test_increment_messages_sent	runtime/src/metrics.rs	354	354	regex	
test_increment_messages_consumed	runtime/src/metrics.rs	364	364	regex	
test_increment_messages_processed	runtime/src/metrics.rs	375	375	regex	
test_increment_errors_source	runtime/src/metrics.rs	385	385	regex	
test_increment_errors_sink	runtime/src/metrics.rs	396	396	regex	
test_multiple_connectors	runtime/src/metrics.rs	407	407	regex	
test_cumulative_counts	runtime/src/metrics.rs	420	420	regex	
test_get_messages_produced	runtime/src/metrics.rs	434	434	regex	
test_get_messages_sent	runtime/src/metrics.rs	444	444	regex	
test_get_messages_consumed	runtime/src/metrics.rs	452	452	regex	
test_get_messages_processed	runtime/src/metrics.rs	460	460	regex	
test_get_errors	runtime/src/metrics.rs	468	468	regex	
init	runtime/src/sink.rs	48	48	regex	
consume	runtime/src/sink.rs	159	159	regex	
get_plugin_version	runtime/src/sink.rs	349	349	regex	
process_messages	runtime/src/sink.rs	440	440	regex	
cleanup_sender	runtime/src/source.rs	54	54	regex	
init	runtime/src/source.rs	58	58	regex	
get_plugin_version	runtime/src/source.rs	178	178	regex	
handle	runtime/src/source.rs	456	456	regex	
process_messages	runtime/src/source.rs	497	497	regex	
build_iggy_message	runtime/src/source.rs	567	567	regex	
StateProvider	runtime/src/state.rs	31	31	regex	
load	runtime/src/state.rs	32	32	regex	
save	runtime/src/state.rs	33	33	regex	
StateStorage	runtime/src/state.rs	38	38	regex	
FileStateProvider	runtime/src/state.rs	44	44	regex	
new	runtime/src/state.rs	50	50	regex	
load	runtime/src/state.rs	59	59	regex	
save	runtime/src/state.rs	84	84	regex	
get_runtime_stats	runtime/src/stats.rs	31	31	regex	
expand_home	runtime/src/stream.rs	29	29	regex	
resolve_token	runtime/src/stream.rs	42	42	regex	
IggyClients	runtime/src/stream.rs	69	69	regex	
init	runtime/src/stream.rs	74	74	regex	
create_client	runtime/src/stream.rs	87	87	regex	
test_expand_home_with_tilde_prefix	runtime/src/stream.rs	149	149	regex	
test_expand_home_with_only_tilde	runtime/src/stream.rs	161	161	regex	
test_expand_home_without_tilde	runtime/src/stream.rs	173	173	regex	
test_expand_home_relative_path	runtime/src/stream.rs	180	180	regex	
test_resolve_token_direct_value	runtime/src/stream.rs	187	187	regex	
test_resolve_token_from_file	runtime/src/stream.rs	194	194	regex	
test_resolve_token_from_file_trims_whitespace	runtime/src/stream.rs	204	204	regex	
test_resolve_token_file_not_found	runtime/src/stream.rs	214	214	regex	
test_resolve_token_empty_file	runtime/src/stream.rs	223	223	regex	
test_resolve_token_file_with_only_whitespace	runtime/src/stream.rs	234	234	regex	
load	runtime/src/transform.rs	26	26	regex	
ConnectorStatus	sdk/src/api.rs	45	45	regex	
ConnectorError	sdk/src/api.rs	61	61	regex	
new	sdk/src/api.rs	67	67	regex	
ConnectorRuntimeStats	sdk/src/api.rs	77	77	regex	
ConnectorStats	sdk/src/api.rs	98	98	regex	
SinkInfoResponse	sdk/src/api.rs	120	120	regex	
SourceInfoResponse	sdk/src/api.rs	135	135	regex	
HealthResponse	sdk/src/api.rs	150	150	regex	
owned_value_to_serde_json	sdk/src/convert.rs	29	29	regex	
FlatBufferConfig	sdk/src/decoders/flatbuffer.rs	27	27	regex	
default	sdk/src/decoders/flatbuffer.rs	38	38	regex	
FlatBufferStreamDecoder	sdk/src/decoders/flatbuffer.rs	51	51	regex	
new	sdk/src/decoders/flatbuffer.rs	56	56	regex	
new_default	sdk/src/decoders/flatbuffer.rs	60	60	regex	
update_config	sdk/src/decoders/flatbuffer.rs	64	64	regex	
verify_buffer	sdk/src/decoders/flatbuffer.rs	69	69	regex	
decode_as_json	sdk/src/decoders/flatbuffer.rs	82	82	regex	
decode_as_raw	sdk/src/decoders/flatbuffer.rs	114	114	regex	
apply_field_transformations	sdk/src/decoders/flatbuffer.rs	121	121	regex	
schema	sdk/src/decoders/flatbuffer.rs	155	155	regex	
decode	sdk/src/decoders/flatbuffer.rs	159	159	regex	
default	sdk/src/decoders/flatbuffer.rs	173	173	regex	
decode_should_fail_given_empty_payload	sdk/src/decoders/flatbuffer.rs	184	184	regex	
decode_should_return_flatbuffer_payload_when_extract_as_json_is_disabled	sdk/src/decoders/flatbuffer.rs	191	191	regex	
decode_should_apply_field_mappings_when_configured	sdk/src/decoders/flatbuffer.rs	211	211	regex	
config_should_have_sensible_defaults	sdk/src/decoders/flatbuffer.rs	245	245	regex	
decoder_should_be_creatable_with_custom_config	sdk/src/decoders/flatbuffer.rs	258	258	regex	
JsonStreamDecoder	sdk/src/decoders/json.rs	22	22	regex	
schema	sdk/src/decoders/json.rs	25	25	regex	
decode	sdk/src/decoders/json.rs	29	29	regex	
ProtoConfig	sdk/src/decoders/proto.rs	32	32	regex	
default	sdk/src/decoders/proto.rs	44	44	regex	
ProtoStreamDecoder	sdk/src/decoders/proto.rs	58	58	regex	
new	sdk/src/decoders/proto.rs	65	65	regex	
new_default	sdk/src/decoders/proto.rs	81	81	regex	
update_config	sdk/src/decoders/proto.rs	85	85	regex	
load_schema	sdk/src/decoders/proto.rs	96	96	regex	
compile_schema_internal	sdk/src/decoders/proto.rs	108	108	regex	
find_message_descriptor_by_name	sdk/src/decoders/proto.rs	161	161	regex	
find_nested_message	sdk/src/decoders/proto.rs	193	193	regex	
load_descriptor_set_internal	sdk/src/decoders/proto.rs	224	224	regex	
decode_with_schema	sdk/src/decoders/proto.rs	241	241	regex	
decode_with_message_descriptor	sdk/src/decoders/proto.rs	271	271	regex	
parse_varint	sdk/src/decoders/proto.rs	325	325	regex	
parse_simple_varint	sdk/src/decoders/proto.rs	349	349	regex	
decode_field_value	sdk/src/decoders/proto.rs	372	372	regex	
decode_unknown_field	sdk/src/decoders/proto.rs	441	441	regex	
skip_field_value	sdk/src/decoders/proto.rs	470	470	regex	
apply_field_transformations	sdk/src/decoders/proto.rs	490	490	regex	
decode_as_any	sdk/src/decoders/proto.rs	522	522	regex	
decode_as_raw	sdk/src/decoders/proto.rs	538	538	regex	
schema	sdk/src/decoders/proto.rs	544	544	regex	
decode	sdk/src/decoders/proto.rs	548	548	regex	
default	sdk/src/decoders/proto.rs	560	560	regex	
decode_should_succeed_given_valid_protobuf_any_message	sdk/src/decoders/proto.rs	572	572	regex	
decode_should_fail_given_empty_payload	sdk/src/decoders/proto.rs	597	597	regex	
decode_should_return_raw_payload_when_any_wrapper_is_disabled	sdk/src/decoders/proto.rs	604	604	regex	
decode_should_apply_field_mappings_when_configured	sdk/src/decoders/proto.rs	623	623	regex	
load_schema_should_handle_missing_schema_path_gracefully	sdk/src/decoders/proto.rs	664	664	regex	
load_schema_should_handle_missing_proto_file_gracefully	sdk/src/decoders/proto.rs	679	679	regex	
config_should_have_sensible_defaults	sdk/src/decoders/proto.rs	695	695	regex	
decoder_should_be_creatable_with_custom_config	sdk/src/decoders/proto.rs	709	709	regex	
update_config_should_reload_schema_when_requested	sdk/src/decoders/proto.rs	742	742	regex	
update_config_should_not_reload_schema_when_not_requested	sdk/src/decoders/proto.rs	760	760	regex	
integration_should_decode_with_real_schema	sdk/src/decoders/proto.rs	776	776	regex	
integration_should_handle_decoder_schema_loading_gracefully	sdk/src/decoders/proto.rs	811	811	regex	
RawStreamDecoder	sdk/src/decoders/raw.rs	21	21	regex	
schema	sdk/src/decoders/raw.rs	24	24	regex	
decode	sdk/src/decoders/raw.rs	28	28	regex	
TextStreamDecoder	sdk/src/decoders/text.rs	22	22	regex	
schema	sdk/src/decoders/text.rs	25	25	regex	
decode	sdk/src/decoders/text.rs	29	29	regex	
FlatBufferEncoderConfig	sdk/src/encoders/flatbuffer.rs	27	27	regex	
default	sdk/src/encoders/flatbuffer.rs	37	37	regex	
FlatBufferStreamEncoder	sdk/src/encoders/flatbuffer.rs	49	49	regex	
new	sdk/src/encoders/flatbuffer.rs	54	54	regex	
new_default	sdk/src/encoders/flatbuffer.rs	58	58	regex	
update_config	sdk/src/encoders/flatbuffer.rs	62	62	regex	
apply_field_transformations	sdk/src/encoders/flatbuffer.rs	67	67	regex	
encode_json_to_flatbuffer	sdk/src/encoders/flatbuffer.rs	99	99	regex	
encode_text_to_flatbuffer	sdk/src/encoders/flatbuffer.rs	152	152	regex	
encode_raw_to_flatbuffer	sdk/src/encoders/flatbuffer.rs	166	166	regex	
convert_format	sdk/src/encoders/flatbuffer.rs	175	175	regex	
schema	sdk/src/encoders/flatbuffer.rs	228	228	regex	
encode	sdk/src/encoders/flatbuffer.rs	232	232	regex	
default	sdk/src/encoders/flatbuffer.rs	246	246	regex	
encode_should_handle_json_payload	sdk/src/encoders/flatbuffer.rs	256	256	regex	
encode_should_handle_text_payload	sdk/src/encoders/flatbuffer.rs	272	272	regex	
encode_should_handle_raw_payload	sdk/src/encoders/flatbuffer.rs	284	284	regex	
encode_should_pass_through_flatbuffer_payload	sdk/src/encoders/flatbuffer.rs	297	297	regex	
encode_should_apply_field_mappings_when_configured	sdk/src/encoders/flatbuffer.rs	310	310	regex	
convert_format_should_transform_flatbuffer_to_json	sdk/src/encoders/flatbuffer.rs	333	333	regex	
convert_format_should_transform_flatbuffer_to_text	sdk/src/encoders/flatbuffer.rs	354	354	regex	
config_should_have_sensible_defaults	sdk/src/encoders/flatbuffer.rs	369	369	regex	
encoder_should_be_creatable_with_custom_config	sdk/src/encoders/flatbuffer.rs	381	381	regex	
JsonStreamEncoder	sdk/src/encoders/json.rs	21	21	regex	
schema	sdk/src/encoders/json.rs	24	24	regex	
encode	sdk/src/encoders/json.rs	28	28	regex	
ProtoEncoderConfig	sdk/src/encoders/proto.rs	30	30	regex	
ProtoFormatOptions	sdk/src/encoders/proto.rs	43	43	regex	
default	sdk/src/encoders/proto.rs	51	51	regex	
default	sdk/src/encoders/proto.rs	67	67	regex	
ProtoStreamEncoder	sdk/src/encoders/proto.rs	77	77	regex	
new	sdk/src/encoders/proto.rs	84	84	regex	
new_with_config	sdk/src/encoders/proto.rs	88	88	regex	
update_config	sdk/src/encoders/proto.rs	104	104	regex	
load_schema	sdk/src/encoders/proto.rs	119	119	regex	
compile_schema_internal	sdk/src/encoders/proto.rs	131	131	regex	
find_message_descriptor_by_name	sdk/src/encoders/proto.rs	193	193	regex	
find_nested_message	sdk/src/encoders/proto.rs	228	228	regex	
load_descriptor_set_internal	sdk/src/encoders/proto.rs	260	260	regex	
apply_field_transformations	sdk/src/encoders/proto.rs	282	282	regex	
encode_with_schema	sdk/src/encoders/proto.rs	316	316	regex	
encode_with_message_descriptor	sdk/src/encoders/proto.rs	347	347	regex	
encode_json_to_protobuf	sdk/src/encoders/proto.rs	385	385	regex	
encode_field_value	sdk/src/encoders/proto.rs	411	411	regex	
get_wire_type_for_field	sdk/src/encoders/proto.rs	504	504	regex	
encode_varint	sdk/src/encoders/proto.rs	522	522	regex	
extract_i32_from_json	sdk/src/encoders/proto.rs	530	530	regex	
extract_i64_from_json	sdk/src/encoders/proto.rs	542	542	regex	
extract_u32_from_json	sdk/src/encoders/proto.rs	554	554	regex	
extract_u64_from_json	sdk/src/encoders/proto.rs	566	566	regex	
encode_with_any_wrapper	sdk/src/encoders/proto.rs	578	578	regex	
encode_as_raw_bytes	sdk/src/encoders/proto.rs	638	638	regex	
convert_format	sdk/src/encoders/proto.rs	650	650	regex	
schema	sdk/src/encoders/proto.rs	699	699	regex	
encode	sdk/src/encoders/proto.rs	703	703	regex	
default	sdk/src/encoders/proto.rs	711	711	regex	
encode_should_succeed_given_json_payload_with_any_wrapper	sdk/src/encoders/proto.rs	723	723	regex	
encode_should_succeed_given_text_payload_with_metadata	sdk/src/encoders/proto.rs	747	747	regex	
encode_should_succeed_given_raw_payload_as_bytes	sdk/src/encoders/proto.rs	771	771	regex	
encode_should_succeed_given_proto_string_payload	sdk/src/encoders/proto.rs	786	786	regex	
encode_should_use_raw_bytes_when_any_wrapper_disabled	sdk/src/encoders/proto.rs	801	801	regex	
encode_should_apply_field_mappings_when_configured	sdk/src/encoders/proto.rs	819	819	regex	
encode_should_use_custom_type_url_prefix_when_configured	sdk/src/encoders/proto.rs	857	857	regex	
load_schema_should_handle_missing_schema_path_gracefully	sdk/src/encoders/proto.rs	878	878	regex	
load_schema_should_handle_missing_proto_file_gracefully	sdk/src/encoders/proto.rs	893	893	regex	
convert_format_should_transform_json_to_text	sdk/src/encoders/proto.rs	908	908	regex	
convert_format_should_transform_text_to_json	sdk/src/encoders/proto.rs	930	930	regex	
convert_format_should_transform_raw_to_text	sdk/src/encoders/proto.rs	951	951	regex	
convert_format_should_handle_proto_to_json_conversion	sdk/src/encoders/proto.rs	968	968	regex	
config_should_have_sensible_defaults	sdk/src/encoders/proto.rs	990	990	regex	
encoder_should_be_creatable_with_custom_config	sdk/src/encoders/proto.rs	1010	1010	regex	
encoder_should_return_proto_schema	sdk/src/encoders/proto.rs	1058	1058	regex	
integration_should_encode_real_protobuf_message_with_schema	sdk/src/encoders/proto.rs	1064	1064	regex	
integration_should_handle_schema_loading_gracefully	sdk/src/encoders/proto.rs	1106	1106	regex	
RawStreamEncoder	sdk/src/encoders/raw.rs	21	21	regex	
schema	sdk/src/encoders/raw.rs	24	24	regex	
encode	sdk/src/encoders/raw.rs	28	28	regex	
TextStreamEncoder	sdk/src/encoders/text.rs	21	21	regex	
schema	sdk/src/encoders/text.rs	24	24	regex	
encode	sdk/src/encoders/text.rs	28	28	regex	
get_runtime	sdk/src/lib.rs	62	62	regex	
ConnectorState	sdk/src/lib.rs	70	70	regex	
deserialize	sdk/src/lib.rs	75	75	regex	
serialize	sdk/src/lib.rs	91	91	regex	
Source	sdk/src/lib.rs	110	110	regex	
open	sdk/src/lib.rs	112	112	regex	
poll	sdk/src/lib.rs	115	115	regex	
close	sdk/src/lib.rs	118	118	regex	
Sink	sdk/src/lib.rs	124	124	regex	
open	sdk/src/lib.rs	126	126	regex	
consume	sdk/src/lib.rs	129	129	regex	
close	sdk/src/lib.rs	137	137	regex	
Payload	sdk/src/lib.rs	141	141	regex	
try_into_vec	sdk/src/lib.rs	151	151	regex	
try_to_bytes	sdk/src/lib.rs	181	181	regex	
fmt	sdk/src/lib.rs	193	193	regex	
Schema	sdk/src/lib.rs	213	213	regex	
try_into_payload	sdk/src/lib.rs	228	228	regex	
decoder	sdk/src/lib.rs	251	251	regex	
encoder	sdk/src/lib.rs	261	261	regex	
TopicMetadata	sdk/src/lib.rs	274	274	regex	
MessagesMetadata	sdk/src/lib.rs	281	281	regex	
ReceivedMessage	sdk/src/lib.rs	289	289	regex	
ProducedMessages	sdk/src/lib.rs	301	301	regex	
ProducedMessage	sdk/src/lib.rs	309	309	regex	
DecodedMessage	sdk/src/lib.rs	320	320	regex	
RawMessages	sdk/src/lib.rs	332	332	regex	
RawMessage	sdk/src/lib.rs	339	339	regex	
ConsumedMessage	sdk/src/lib.rs	351	351	regex	
StreamDecoder	sdk/src/lib.rs	361	361	regex	
schema	sdk/src/lib.rs	362	362	regex	
decode	sdk/src/lib.rs	363	363	regex	
StreamEncoder	sdk/src/lib.rs	366	366	regex	
schema	sdk/src/lib.rs	367	367	regex	
encode	sdk/src/lib.rs	368	368	regex	
Error	sdk/src/lib.rs	372	372	regex	
CallbackLayer	sdk/src/log.rs	42	42	regex	
new	sdk/src/log.rs	47	47	regex	
on_event	sdk/src/log.rs	53	53	regex	
MessageVisitor	sdk/src/log.rs	80	80	regex	
record_str	sdk/src/log.rs	85	85	regex	
record_debug	sdk/src/log.rs	91	91	regex	
CircuitState	sdk/src/retry.rs	50	50	regex	
CircuitBreaker	sdk/src/retry.rs	61	61	regex	
new	sdk/src/retry.rs	68	68	regex	
record_success	sdk/src/retry.rs	84	84	regex	
record_failure	sdk/src/retry.rs	93	93	regex	
is_open	sdk/src/retry.rs	110	110	regex	
parse_duration	sdk/src/retry.rs	134	134	regex	
jitter	sdk/src/retry.rs	154	154	regex	
exponential_backoff	sdk/src/retry.rs	165	165	regex	
parse_retry_after	sdk/src/retry.rs	178	178	regex	
is_transient_status	sdk/src/retry.rs	191	191	regex	
HttpRetryMiddleware	sdk/src/retry.rs	213	213	regex	
new	sdk/src/retry.rs	221	221	regex	
handle	sdk/src/retry.rs	238	238	regex	
build_retry_client	sdk/src/retry.rs	341	341	regex	
ConnectivityConfig	sdk/src/retry.rs	368	368	regex	
check_connectivity	sdk/src/retry.rs	378	378	regex	
check_connectivity_with_retry	sdk/src/retry.rs	404	404	regex	
SinkContainer	sdk/src/sink.rs	39	39	regex	
assert_trait	sdk/src/sink.rs	221	221	regex	
RawMessage	sdk/src/source.rs	29	29	regex	
SourceContainer	sdk/src/source.rs	42	42	regex	
handle_messages	sdk/src/source.rs	172	172	regex	
assert_trait	sdk/src/source.rs	207	207	regex	
Field	sdk/src/transforms/add_fields.rs	25	25	regex	
AddFieldsConfig	sdk/src/transforms/add_fields.rs	32	32	regex	
AddFields	sdk/src/transforms/add_fields.rs	38	38	regex	
new	sdk/src/transforms/add_fields.rs	43	43	regex	
r	sdk/src/transforms/add_fields.rs	49	49	regex	
transform	sdk/src/transforms/add_fields.rs	53	53	regex	
DeleteFieldsConfig	sdk/src/transforms/delete_fields.rs	27	27	regex	
DeleteFields	sdk/src/transforms/delete_fields.rs	33	33	regex	
new	sdk/src/transforms/delete_fields.rs	38	38	regex	
should_remove	sdk/src/transforms/delete_fields.rs	44	44	regex	
r	sdk/src/transforms/delete_fields.rs	50	50	regex	
transform	sdk/src/transforms/delete_fields.rs	54	54	regex	
KeyPattern	sdk/src/transforms/filter_fields.rs	30	30	regex	
compile	sdk/src/transforms/filter_fields.rs	45	45	regex	
matches	sdk/src/transforms/filter_fields.rs	60	60	regex	
ValuePattern	sdk/src/transforms/filter_fields.rs	74	74	regex	
compile	sdk/src/transforms/filter_fields.rs	105	105	regex	
matches	sdk/src/transforms/filter_fields.rs	127	127	regex	
FilterFieldsConfig	sdk/src/transforms/filter_fields.rs	149	149	regex	
default_include	sdk/src/transforms/filter_fields.rs	162	162	regex	
FilterPattern	sdk/src/transforms/filter_fields.rs	168	168	regex	
CompiledPattern	sdk/src/transforms/filter_fields.rs	178	178	regex	
FilterFields	sdk/src/transforms/filter_fields.rs	192	192	regex	
new	sdk/src/transforms/filter_fields.rs	206	206	regex	
matches_patterns	sdk/src/transforms/filter_fields.rs	230	230	regex	
r	sdk/src/transforms/filter_fields.rs	240	240	regex	
transform	sdk/src/transforms/filter_fields.rs	244	244	regex	
FlatBufferConvertConfig	sdk/src/transforms/flatbuffer_convert.rs	30	30	regex	
FlatBufferConversionOptions	sdk/src/transforms/flatbuffer_convert.rs	42	42	regex	
default	sdk/src/transforms/flatbuffer_convert.rs	51	51	regex	
default	sdk/src/transforms/flatbuffer_convert.rs	66	66	regex	
FlatBufferConvert	sdk/src/transforms/flatbuffer_convert.rs	77	77	regex	
new	sdk/src/transforms/flatbuffer_convert.rs	82	82	regex	
apply_field_mappings	sdk/src/transforms/flatbuffer_convert.rs	86	86	regex	
r	sdk/src/transforms/flatbuffer_convert.rs	120	120	regex	
transform	sdk/src/transforms/flatbuffer_convert.rs	124	124	regex	
default	sdk/src/transforms/flatbuffer_convert.rs	185	185	regex	
should_return_message_unchanged_when_no_fields	sdk/src/transforms/json/add_fields.rs	62	62	regex	
should_add_static_field_to_json_message	sdk/src/transforms/json/add_fields.rs	75	75	regex	
should_add_multiple_static_fields_with_different_types	sdk/src/transforms/json/add_fields.rs	94	94	regex	
should_add_computed_fields_with_dynamic_values	sdk/src/transforms/json/add_fields.rs	125	125	regex	
should_overwrite_existing_field_when_same_key_specified	sdk/src/transforms/json/add_fields.rs	151	151	regex	
should_pass_through_non_json_payload_unchanged	sdk/src/transforms/json/add_fields.rs	169	169	regex	
should_remove_specified_fields_from_json_message	sdk/src/transforms/json/delete_fields.rs	52	52	regex	
should_remove_multiple_fields_while_preserving_others	sdk/src/transforms/json/delete_fields.rs	72	72	regex	
should_ignore_nonexistent_fields_when_deleting	sdk/src/transforms/json/delete_fields.rs	103	103	regex	
should_return_message_unchanged_when_no_fields	sdk/src/transforms/json/delete_fields.rs	120	120	regex	
should_pass_through_non_json_payload_unchanged	sdk/src/transforms/json/delete_fields.rs	134	134	regex	
should_keep_only_specified_fields_when_keep_list_provided	sdk/src/transforms/json/filter_fields.rs	68	68	regex	
should_include_fields_matching_key_pattern	sdk/src/transforms/json/filter_fields.rs	96	96	regex	
should_exclude_fields_matching_pattern_when_include_false	sdk/src/transforms/json/filter_fields.rs	127	127	regex	
should_filter_fields_based_on_value_pattern_matching	sdk/src/transforms/json/filter_fields.rs	158	158	regex	
should_filter_using_combined_key_and_value_patterns	sdk/src/transforms/json/filter_fields.rs	189	189	regex	
should_combine_keep_fields_list_with_pattern_filtering	sdk/src/transforms/json/filter_fields.rs	222	222	regex	
should_return_message_unchanged_when_no_filters	sdk/src/transforms/json/filter_fields.rs	253	253	regex	
should_pass_through_non_json_payload_unchanged	sdk/src/transforms/json/filter_fields.rs	272	272	regex	
compute_value	sdk/src/transforms/json/mod.rs	31	31	regex	
create_test_message	sdk/src/transforms/json/test_utils.rs	25	25	regex	
create_raw_test_message	sdk/src/transforms/json/test_utils.rs	40	40	regex	
create_test_topic_metadata	sdk/src/transforms/json/test_utils.rs	53	53	regex	
extract_json_object	sdk/src/transforms/json/test_utils.rs	61	61	regex	
assert_is_number	sdk/src/transforms/json/test_utils.rs	70	70	regex	
assert_is_string	sdk/src/transforms/json/test_utils.rs	77	77	regex	
assert_is_uuid	sdk/src/transforms/json/test_utils.rs	84	84	regex	
should_always_update_field_when_no_condition	sdk/src/transforms/json/update_fields.rs	71	71	regex	
should_update_only_existing_keys_when_key_exists	sdk/src/transforms/json/update_fields.rs	91	91	regex	
should_conditionally_add_fields_when_key_not_exists	sdk/src/transforms/json/update_fields.rs	119	119	regex	
should_update_or_add_fields_when_always_condition	sdk/src/transforms/json/update_fields.rs	147	147	regex	
should_update_fields_with_dynamically_computed_values	sdk/src/transforms/json/update_fields.rs	175	175	regex	
should_pass_through_non_json_payload_unchanged	sdk/src/transforms/json/update_fields.rs	205	205	regex	
FieldValue	sdk/src/transforms/mod.rs	44	44	regex	
ComputedValue	sdk/src/transforms/mod.rs	52	52	regex	
Transform	sdk/src/transforms/mod.rs	69	69	regex	
r	sdk/src/transforms/mod.rs	70	70	regex	
transform	sdk/src/transforms/mod.rs	71	71	regex	
TransformType	sdk/src/transforms/mod.rs	82	82	regex	
from_config	sdk/src/transforms/mod.rs	91	91	regex	
ProtoConvertConfig	sdk/src/transforms/proto_convert.rs	31	31	regex	
ConversionOptions	sdk/src/transforms/proto_convert.rs	45	45	regex	
default	sdk/src/transforms/proto_convert.rs	54	54	regex	
default	sdk/src/transforms/proto_convert.rs	71	71	regex	
ProtoConvert	sdk/src/transforms/proto_convert.rs	82	82	regex	
new	sdk/src/transforms/proto_convert.rs	89	89	regex	
new_default	sdk/src/transforms/proto_convert.rs	105	105	regex	
load_schema	sdk/src/transforms/proto_convert.rs	109	109	regex	
compile_schema_internal	sdk/src/transforms/proto_convert.rs	121	121	regex	
find_message_descriptor_by_name	sdk/src/transforms/proto_convert.rs	184	184	regex	
find_nested_message	sdk/src/transforms/proto_convert.rs	216	216	regex	
load_descriptor_set_internal	sdk/src/transforms/proto_convert.rs	250	250	regex	
encode_json_with_schema	sdk/src/transforms/proto_convert.rs	272	272	regex	
get_wire_type_for_conversion_field	sdk/src/transforms/proto_convert.rs	307	307	regex	
encode_field_value_for_conversion	sdk/src/transforms/proto_convert.rs	328	328	regex	
encode_varint_for_conversion	sdk/src/transforms/proto_convert.rs	398	398	regex	
extract_i32_from_json_for_conversion	sdk/src/transforms/proto_convert.rs	406	406	regex	
extract_i64_from_json_for_conversion	sdk/src/transforms/proto_convert.rs	418	418	regex	
apply_field_transformations	sdk/src/transforms/proto_convert.rs	430	430	regex	
convert_from_protobuf	sdk/src/transforms/proto_convert.rs	459	459	regex	
convert_to_protobuf	sdk/src/transforms/proto_convert.rs	477	477	regex	
protobuf_to_json	sdk/src/transforms/proto_convert.rs	494	494	regex	
json_to_protobuf	sdk/src/transforms/proto_convert.rs	553	553	regex	
protobuf_to_text	sdk/src/transforms/proto_convert.rs	589	589	regex	
text_to_protobuf	sdk/src/transforms/proto_convert.rs	614	614	regex	
protobuf_to_raw	sdk/src/transforms/proto_convert.rs	628	628	regex	
raw_to_protobuf	sdk/src/transforms/proto_convert.rs	636	636	regex	
r	sdk/src/transforms/proto_convert.rs	652	652	regex	
transform	sdk/src/transforms/proto_convert.rs	656	656	regex	
default	sdk/src/transforms/proto_convert.rs	721	721	regex	
create_test_message	sdk/src/transforms/proto_convert.rs	733	733	regex	
create_test_metadata	sdk/src/transforms/proto_convert.rs	745	745	regex	
transform_should_convert_protobuf_to_json_successfully	sdk/src/transforms/proto_convert.rs	753	753	regex	
transform_should_convert_json_to_protobuf_successfully	sdk/src/transforms/proto_convert.rs	785	785	regex	
transform_should_apply_field_mappings_during_conversion	sdk/src/transforms/proto_convert.rs	818	818	regex	
transform_should_include_metadata_when_configured	sdk/src/transforms/proto_convert.rs	862	862	regex	
transform_should_use_pretty_json_when_configured	sdk/src/transforms/proto_convert.rs	905	905	regex	
transform_should_handle_raw_protobuf_any_message	sdk/src/transforms/proto_convert.rs	940	940	regex	
transform_should_convert_between_json_and_text_directly	sdk/src/transforms/proto_convert.rs	978	978	regex	
transform_should_convert_between_raw_and_json_directly	sdk/src/transforms/proto_convert.rs	1010	1010	regex	
transform_should_handle_same_format_conversion_gracefully	sdk/src/transforms/proto_convert.rs	1043	1043	regex	
load_schema_should_handle_missing_schema_path_gracefully	sdk/src/transforms/proto_convert.rs	1070	1070	regex	
load_schema_should_log_warning_for_unimplemented_schema_compilation	sdk/src/transforms/proto_convert.rs	1085	1085	regex	
config_should_have_sensible_defaults	sdk/src/transforms/proto_convert.rs	1101	1101	regex	
converter_should_be_creatable_with_custom_config	sdk/src/transforms/proto_convert.rs	1123	1123	regex	
converter_should_return_correct_transform_type	sdk/src/transforms/proto_convert.rs	1185	1185	regex	
Field	sdk/src/transforms/update_fields.rs	25	25	regex	
UpdateFieldsConfig	sdk/src/transforms/update_fields.rs	34	34	regex	
UpdateCondition	sdk/src/transforms/update_fields.rs	42	42	regex	
UpdateFields	sdk/src/transforms/update_fields.rs	49	49	regex	
new	sdk/src/transforms/update_fields.rs	54	54	regex	
r	sdk/src/transforms/update_fields.rs	60	60	regex	
transform	sdk/src/transforms/update_fields.rs	64	64	regex	
should_transform_with_real_schema_and_field_mapping	sdk/tests/flatbuffer_integration.rs	27	27	regex	
should_encode_decode_with_schema_configuration	sdk/tests/flatbuffer_integration.rs	89	89	regex	
should_handle_raw_flatbuffer_mode	sdk/tests/flatbuffer_integration.rs	155	155	regex	
should_transform_json_to_flatbuffer_with_field_mappings	sdk/tests/flatbuffer_integration.rs	188	188	regex	
should_encode_decode_with_field_validation	sdk/tests/flatbuffer_integration.rs	236	236	regex	
should_perform_json_to_flatbuffer_to_json_roundtrip	sdk/tests/flatbuffer_integration.rs	277	277	regex	
should_handle_complex_nested_data_encoding	sdk/tests/flatbuffer_integration.rs	336	336	regex	
should_convert_between_different_formats	sdk/tests/flatbuffer_integration.rs	388	388	regex	
should_handle_buffer_verification	sdk/tests/flatbuffer_integration.rs	428	428	regex	
should_support_custom_include_paths	sdk/tests/flatbuffer_integration.rs	474	474	regex	
should_transform_with_real_schema_and_field_mapping	sdk/tests/protobuf_integration.rs	28	28	regex	
should_use_any_wrapper_as_fallback_when_no_schema	sdk/tests/protobuf_integration.rs	101	101	regex	
should_fallback_to_any_wrapper_when_schema_file_missing	sdk/tests/protobuf_integration.rs	161	161	regex	
should_transform_json_to_proto_with_field_mappings	sdk/tests/protobuf_integration.rs	185	185	regex	
should_encode_decode_any_wrapper_with_type_validation	sdk/tests/protobuf_integration.rs	244	244	regex	
should_perform_json_to_proto_to_json_roundtrip	sdk/tests/protobuf_integration.rs	287	287	regex	
should_encode_complex_nested_data_with_any_wrapper	sdk/tests/protobuf_integration.rs	370	370	regex	
State	sinks/elasticsearch_sink/src/lib.rs	42	42	regex	
ElasticsearchSinkConfig	sinks/elasticsearch_sink/src/lib.rs	49	49	regex	
ElasticsearchSink	sinks/elasticsearch_sink/src/lib.rs	62	62	regex	
new	sinks/elasticsearch_sink/src/lib.rs	70	70	regex	
create_client	sinks/elasticsearch_sink/src/lib.rs	83	83	regex	
ensure_index_exists	sinks/elasticsearch_sink/src/lib.rs	103	103	regex	
bulk_index_documents	sinks/elasticsearch_sink/src/lib.rs	159	159	regex	
open	sinks/elasticsearch_sink/src/lib.rs	229	229	regex	
consume	sinks/elasticsearch_sink/src/lib.rs	246	246	regex	
close	sinks/elasticsearch_sink/src/lib.rs	347	347	regex	
HttpMethod	sinks/http_sink/src/lib.rs	65	65	regex	
BatchMode	sinks/http_sink/src/lib.rs	80	80	regex	
content_type	sinks/http_sink/src/lib.rs	102	102	regex	
MetadataEnvelope	sinks/http_sink/src/lib.rs	113	113	regex	
IggyMetadata	sinks/http_sink/src/lib.rs	125	125	regex	
EncodedPayload	sinks/http_sink/src/lib.rs	142	142	regex	
EncodedHeader	sinks/http_sink/src/lib.rs	149	149	regex	
HttpSinkConfig	sinks/http_sink/src/lib.rs	156	156	regex	
HttpSink	sinks/http_sink/src/lib.rs	204	204	regex	
new	sinks/http_sink/src/lib.rs	240	240	regex	
build_client	sinks/http_sink/src/lib.rs	340	340	regex	
client	sinks/http_sink/src/lib.rs	369	369	regex	
payload_to_json	sinks/http_sink/src/lib.rs	380	380	regex	
build_iggy_metadata	sinks/http_sink/src/lib.rs	409	409	regex	
build_envelope	sinks/http_sink/src/lib.rs	465	465	regex	
record_success	sinks/http_sink/src/lib.rs	487	487	regex	
send_with_retry	sinks/http_sink/src/lib.rs	498	498	regex	
send_per_message	sinks/http_sink/src/lib.rs	574	574	regex	
send_individual	sinks/http_sink/src/lib.rs	679	679	regex	
send_batch_body	sinks/http_sink/src/lib.rs	700	700	regex	
send_ndjson	sinks/http_sink/src/lib.rs	735	735	regex	
send_json_array	sinks/http_sink/src/lib.rs	820	820	regex	
send_raw	sinks/http_sink/src/lib.rs	912	912	regex	
parse_duration	sinks/http_sink/src/lib.rs	924	924	regex	
HttpSinkRetryStrategy	sinks/http_sink/src/lib.rs	941	941	regex	
handle	sinks/http_sink/src/lib.rs	946	946	regex	
build_request	sinks/http_sink/src/lib.rs	972	972	regex	
format_u128_as_hex	sinks/http_sink/src/lib.rs	988	988	regex	
truncate_response	sinks/http_sink/src/lib.rs	993	993	regex	
sanitize_url_for_log	sinks/http_sink/src/lib.rs	1006	1006	regex	
open	sinks/http_sink/src/lib.rs	1039	1039	regex	
consume	sinks/http_sink/src/lib.rs	1192	1192	regex	
close	sinks/http_sink/src/lib.rs	1240	1240	regex	
given_all_none_config_should_apply_defaults	sinks/http_sink/src/lib.rs	1279	1279	regex	
given_explicit_config_values_should_override_defaults	sinks/http_sink/src/lib.rs	1306	1306	regex	
given_backoff_multiplier_below_one_should_clamp_to_one	sinks/http_sink/src/lib.rs	1351	1351	regex	
given_invalid_duration_string_should_fall_back_to_default	sinks/http_sink/src/lib.rs	1359	1359	regex	
given_valid_duration_strings_should_parse_correctly	sinks/http_sink/src/lib.rs	1369	1369	regex	
given_none_duration_should_use_default	sinks/http_sink/src/lib.rs	1388	1388	regex	
given_http_method_should_serialize_as_uppercase	sinks/http_sink/src/lib.rs	1393	1393	regex	
given_uppercase_json_should_deserialize_to_method	sinks/http_sink/src/lib.rs	1410	1410	regex	
given_invalid_method_string_should_fail_deserialization	sinks/http_sink/src/lib.rs	1424	1424	regex	
given_batch_mode_should_serialize_as_snake_case	sinks/http_sink/src/lib.rs	1430	1430	regex	
given_batch_mode_display_should_return_human_readable_name	sinks/http_sink/src/lib.rs	1445	1445	regex	
given_batch_mode_should_return_correct_content_type	sinks/http_sink/src/lib.rs	1453	1453	regex	
given_zero_id_should_format_as_32_char_hex	sinks/http_sink/src/lib.rs	1467	1467	regex	
given_max_u128_should_format_as_32_char_hex	sinks/http_sink/src/lib.rs	1474	1474	regex	
given_specific_id_should_produce_correct_hex	sinks/http_sink/src/lib.rs	1481	1481	regex	
given_short_string_should_return_unchanged	sinks/http_sink/src/lib.rs	1489	1489	regex	
given_long_string_should_truncate_at_boundary	sinks/http_sink/src/lib.rs	1494	1494	regex	
given_multibyte_string_should_truncate_at_char_boundary	sinks/http_sink/src/lib.rs	1500	1500	regex	
given_json_payload_should_convert_to_serde_json	sinks/http_sink/src/lib.rs	1508	1508	regex	
given_text_payload_should_convert_to_string_value	sinks/http_sink/src/lib.rs	1518	1518	regex	
given_raw_payload_should_base64_encode	sinks/http_sink/src/lib.rs	1527	1527	regex	
given_flatbuffer_payload_should_base64_encode	sinks/http_sink/src/lib.rs	1538	1538	regex	
given_proto_payload_should_base64_encode_string_bytes	sinks/http_sink/src/lib.rs	1551	1551	regex	
given_include_metadata_true_should_wrap_payload	sinks/http_sink/src/lib.rs	1564	1564	regex	
given_include_metadata_false_should_return_raw_payload	sinks/http_sink/src/lib.rs	1591	1591	regex	
given_include_checksum_should_add_checksum_to_metadata	sinks/http_sink/src/lib.rs	1611	1611	regex	
given_include_origin_timestamp_should_add_to_metadata	sinks/http_sink/src/lib.rs	1628	1628	regex	
given_message_with_headers_should_include_iggy_headers_in_metadata	sinks/http_sink/src/lib.rs	1648	1648	regex	
given_message_without_headers_should_not_include_iggy_headers	sinks/http_sink/src/lib.rs	1688	1688	regex	
given_null_value_should_convert_to_null	sinks/http_sink/src/lib.rs	1705	1705	regex	
given_bool_value_should_convert_correctly	sinks/http_sink/src/lib.rs	1711	1711	regex	
given_integer_values_should_convert_correctly	sinks/http_sink/src/lib.rs	1717	1717	regex	
given_f64_value_should_convert_correctly	sinks/http_sink/src/lib.rs	1726	1726	regex	
given_nan_f64_should_convert_to_null	sinks/http_sink/src/lib.rs	1733	1733	regex	
given_infinity_f64_should_convert_to_null	sinks/http_sink/src/lib.rs	1739	1739	regex	
given_nested_object_should_convert_recursively	sinks/http_sink/src/lib.rs	1745	1745	regex	
given_minimal_toml_config_should_deserialize	sinks/http_sink/src/lib.rs	1755	1755	regex	
given_full_toml_config_should_deserialize_all_fields	sinks/http_sink/src/lib.rs	1765	1765	regex	
given_invalid_method_in_toml_should_fail	sinks/http_sink/src/lib.rs	1803	1803	regex	
given_invalid_batch_mode_in_toml_should_fail	sinks/http_sink/src/lib.rs	1813	1813	regex	
given_empty_url_should_fail_open	sinks/http_sink/src/lib.rs	1823	1823	regex	
given_invalid_url_should_fail_open	sinks/http_sink/src/lib.rs	1838	1838	regex	
given_empty_success_status_codes_should_fail_open	sinks/http_sink/src/lib.rs	1853	1853	regex	
given_valid_config_should_build_client_in_open	sinks/http_sink/src/lib.rs	1868	1868	regex	
given_raw_mode_with_include_metadata_should_still_use_raw_content_type	sinks/http_sink/src/lib.rs	1878	1878	regex	
given_file_scheme_url_should_fail_open	sinks/http_sink/src/lib.rs	1891	1891	regex	
given_ftp_scheme_url_should_fail_open	sinks/http_sink/src/lib.rs	1906	1906	regex	
given_http_scheme_url_should_pass_open	sinks/http_sink/src/lib.rs	1921	1921	regex	
given_https_scheme_url_should_pass_open	sinks/http_sink/src/lib.rs	1931	1931	regex	
given_invalid_header_name_should_fail_open	sinks/http_sink/src/lib.rs	1939	1939	regex	
given_invalid_header_value_should_fail_open	sinks/http_sink/src/lib.rs	1957	1957	regex	
given_valid_headers_should_pass_open	sinks/http_sink/src/lib.rs	1975	1975	regex	
given_user_content_type_header_should_be_filtered_in_open	sinks/http_sink/src/lib.rs	1988	1988	regex	
given_invalid_status_code_should_fail_open	sinks/http_sink/src/lib.rs	2018	2018	regex	
given_zero_status_code_should_fail_open	sinks/http_sink/src/lib.rs	2034	2034	regex	
given_informational_status_code_should_fail_open	sinks/http_sink/src/lib.rs	2044	2044	regex	
given_consume_called_before_open_should_return_init_error	sinks/http_sink/src/lib.rs	2054	2054	regex	
simd_json_from_str	sinks/http_sink/src/lib.rs	2071	2071	regex	
given_default_config	sinks/http_sink/src/lib.rs	2076	2076	regex	
given_sink_with_defaults	sinks/http_sink/src/lib.rs	2100	2100	regex	
given_topic_metadata	sinks/http_sink/src/lib.rs	2104	2104	regex	
given_messages_metadata	sinks/http_sink/src/lib.rs	2111	2111	regex	
given_json_message	sinks/http_sink/src/lib.rs	2119	2119	regex	
init_catalog	sinks/iceberg_sink/src/catalog.rs	29	29	regex	
get_rest_catalog	sinks/iceberg_sink/src/catalog.rs	37	37	regex	
IcebergSinkTypes	sinks/iceberg_sink/src/lib.rs	31	31	regex	
IcebergSinkStoreClass	sinks/iceberg_sink/src/lib.rs	37	37	regex	
IcebergSink	sinks/iceberg_sink/src/lib.rs	48	48	regex	
IcebergSinkConfig	sinks/iceberg_sink/src/lib.rs	55	55	regex	
slice_user_table	sinks/iceberg_sink/src/lib.rs	69	69	regex	
new	sinks/iceberg_sink/src/lib.rs	74	74	regex	
init_props	sinks/iceberg_sink/src/props.rs	22	22	regex	
get_props_s3	sinks/iceberg_sink/src/props.rs	30	30	regex	
JsonArrowReader	sinks/iceberg_sink/src/router/arrow_streamer.rs	23	23	regex	
new	sinks/iceberg_sink/src/router/arrow_streamer.rs	29	29	regex	
load_next	sinks/iceberg_sink/src/router/arrow_streamer.rs	36	36	regex	
read	sinks/iceberg_sink/src/router/arrow_streamer.rs	50	50	regex	
fill_buf	sinks/iceberg_sink/src/router/arrow_streamer.rs	64	64	regex	
consume	sinks/iceberg_sink/src/router/arrow_streamer.rs	76	76	regex	
DynamicRouter	sinks/iceberg_sink/src/router/dynamic_router.rs	30	30	regex	
DynamicWriter	sinks/iceberg_sink/src/router/dynamic_router.rs	35	35	regex	
new	sinks/iceberg_sink/src/router/dynamic_router.rs	41	41	regex	
push_to_existing	sinks/iceberg_sink/src/router/dynamic_router.rs	50	50	regex	
load_table_if_exists	sinks/iceberg_sink/src/router/dynamic_router.rs	63	63	regex	
new	sinks/iceberg_sink/src/router/dynamic_router.rs	80	80	regex	
extract_route_field	sinks/iceberg_sink/src/router/dynamic_router.rs	87	87	regex	
route_data	sinks/iceberg_sink/src/router/dynamic_router.rs	103	103	regex	
is_valid_namespaced_table	sinks/iceberg_sink/src/router/mod.rs	48	48	regex	
table_exists	sinks/iceberg_sink/src/router/mod.rs	53	53	regex	
primitive_type_to_literal	sinks/iceberg_sink/src/router/mod.rs	60	60	regex	
get_partition_type_value	sinks/iceberg_sink/src/router/mod.rs	83	83	regex	
write_data	sinks/iceberg_sink/src/router/mod.rs	103	103	regex	
Router	sinks/iceberg_sink/src/router/mod.rs	234	234	regex	
route_data	sinks/iceberg_sink/src/router/mod.rs	235	235	regex	
new	sinks/iceberg_sink/src/router/static_router.rs	33	33	regex	
route_data	sinks/iceberg_sink/src/router/static_router.rs	74	74	regex	
open	sinks/iceberg_sink/src/sink.rs	32	32	regex	
consume	sinks/iceberg_sink/src/sink.rs	74	74	regex	
close	sinks/iceberg_sink/src/sink.rs	100	100	regex	
InfluxDbSink	sinks/influxdb_sink/src/lib.rs	63	63	regex	
InfluxDbSinkConfig	sinks/influxdb_sink/src/lib.rs	84	84	regex	
PayloadFormat	sinks/influxdb_sink/src/lib.rs	118	118	regex	
from_config	sinks/influxdb_sink/src/lib.rs	126	126	regex	
write_measurement	sinks/influxdb_sink/src/lib.rs	153	153	regex	
write_tag_value	sinks/influxdb_sink/src/lib.rs	171	171	regex	
write_field_string	sinks/influxdb_sink/src/lib.rs	191	191	regex	
new	sinks/influxdb_sink/src/lib.rs	208	208	regex	
build_raw_client	sinks/influxdb_sink/src/lib.rs	237	237	regex	
build_write_url	sinks/influxdb_sink/src/lib.rs	245	245	regex	
build_health_url	sinks/influxdb_sink/src/lib.rs	263	263	regex	
get_client	sinks/influxdb_sink/src/lib.rs	269	269	regex	
measurement	sinks/influxdb_sink/src/lib.rs	275	275	regex	
payload_format	sinks/influxdb_sink/src/lib.rs	282	282	regex	
timestamp_precision	sinks/influxdb_sink/src/lib.rs	286	286	regex	
get_max_retries	sinks/influxdb_sink/src/lib.rs	293	293	regex	
to_precision_timestamp	sinks/influxdb_sink/src/lib.rs	300	300	regex	
append_line	sinks/influxdb_sink/src/lib.rs	320	320	regex	
process_batch	sinks/influxdb_sink/src/lib.rs	496	496	regex	
open	sinks/influxdb_sink/src/lib.rs	570	570	regex	
consume	sinks/influxdb_sink/src/lib.rs	629	629	regex	
close	sinks/influxdb_sink/src/lib.rs	734	734	regex	
make_config	sinks/influxdb_sink/src/lib.rs	756	756	regex	
make_sink	sinks/influxdb_sink/src/lib.rs	784	784	regex	
make_topic_metadata	sinks/influxdb_sink/src/lib.rs	788	788	regex	
make_messages_metadata	sinks/influxdb_sink/src/lib.rs	795	795	regex	
make_message	sinks/influxdb_sink/src/lib.rs	803	803	regex	
precision_ns_multiplies_by_1000	sinks/influxdb_sink/src/lib.rs	818	818	regex	
precision_us_is_identity	sinks/influxdb_sink/src/lib.rs	826	826	regex	
precision_ms_divides_by_1000	sinks/influxdb_sink/src/lib.rs	834	834	regex	
precision_s_divides_by_1_000_000	sinks/influxdb_sink/src/lib.rs	842	842	regex	
precision_unknown_falls_back_to_us	sinks/influxdb_sink/src/lib.rs	850	850	regex	
measurement_escapes_comma_space_backslash	sinks/influxdb_sink/src/lib.rs	860	860	regex	
measurement_escapes_newlines	sinks/influxdb_sink/src/lib.rs	867	867	regex	
tag_value_escapes_equals_sign	sinks/influxdb_sink/src/lib.rs	873	873	regex	
tag_value_escapes_newlines	sinks/influxdb_sink/src/lib.rs	880	880	regex	
field_string_escapes_quote_and_backslash	sinks/influxdb_sink/src/lib.rs	887	887	regex	
field_string_escapes_newlines	sinks/influxdb_sink/src/lib.rs	894	894	regex	
append_line_invalid_json_payload_returns_error	sinks/influxdb_sink/src/lib.rs	903	903	regex	
append_line_invalid_utf8_text_payload_returns_error	sinks/influxdb_sink/src/lib.rs	923	923	regex	
append_line_valid_json_payload_succeeds	sinks/influxdb_sink/src/lib.rs	943	943	regex	
append_line_base64_payload_succeeds	sinks/influxdb_sink/src/lib.rs	955	955	regex	
append_line_offset_tag_always_present	sinks/influxdb_sink/src/lib.rs	969	969	regex	
append_line_includes_measurement_name	sinks/influxdb_sink/src/lib.rs	985	985	regex	
append_line_partial_metadata_tags_suppressed	sinks/influxdb_sink/src/lib.rs	1000	1000	regex	
consume_returns_error_when_circuit_is_open	sinks/influxdb_sink/src/lib.rs	1029	1029	regex	
consume_succeeds_with_empty_messages_when_circuit_closed	sinks/influxdb_sink/src/lib.rs	1053	1053	regex	
close_drops_client_and_logs	sinks/influxdb_sink/src/lib.rs	1067	1067	regex	
unknown_payload_format_falls_back_to_json	sinks/influxdb_sink/src/lib.rs	1078	1078	regex	
payload_format_aliases	sinks/influxdb_sink/src/lib.rs	1086	1086	regex	
payload_format_resolved_at_construction_text	sinks/influxdb_sink/src/lib.rs	1101	1101	regex	
payload_format_resolved_at_construction_base64	sinks/influxdb_sink/src/lib.rs	1110	1110	regex	
payload_format_resolved_at_construction_none_defaults_to_json	sinks/influxdb_sink/src/lib.rs	1118	1118	regex	
payload_format_resolved_at_construction_unknown_defaults_to_json	sinks/influxdb_sink/src/lib.rs	1126	1126	regex	
append_line_native_json_payload_uses_fast_path	sinks/influxdb_sink/src/lib.rs	1136	1136	regex	
append_line_native_json_and_raw_json_produce_equivalent_output	sinks/influxdb_sink/src/lib.rs	1157	1157	regex	
append_line_text_payload_uses_payload_text_field	sinks/influxdb_sink/src/lib.rs	1207	1207	regex	
append_line_text_payload_from_raw_bytes	sinks/influxdb_sink/src/lib.rs	1224	1224	regex	
append_line_zero_timestamp_falls_back_to_now	sinks/influxdb_sink/src/lib.rs	1241	1241	regex	
append_line_nonzero_timestamp_preserved	sinks/influxdb_sink/src/lib.rs	1267	1267	regex	
append_line_checksum_field_present_by_default	sinks/influxdb_sink/src/lib.rs	1288	1288	regex	
append_line_checksum_suppressed_when_disabled	sinks/influxdb_sink/src/lib.rs	1304	1304	regex	
append_line_origin_timestamp_present_by_default	sinks/influxdb_sink/src/lib.rs	1321	1321	regex	
append_line_origin_timestamp_suppressed_when_disabled	sinks/influxdb_sink/src/lib.rs	1337	1337	regex	
append_line_no_metadata_at_all	sinks/influxdb_sink/src/lib.rs	1356	1356	regex	
build_write_url_contains_org_bucket_precision	sinks/influxdb_sink/src/lib.rs	1383	1383	regex	
build_write_url_path_is_api_v2_write	sinks/influxdb_sink/src/lib.rs	1396	1396	regex	
build_write_url_trailing_slash_stripped	sinks/influxdb_sink/src/lib.rs	1403	1403	regex	
build_write_url_invalid_base_url_returns_error	sinks/influxdb_sink/src/lib.rs	1418	1418	regex	
build_health_url_path_is_health	sinks/influxdb_sink/src/lib.rs	1429	1429	regex	
permanent_http_error_does_not_open_circuit_breaker	sinks/influxdb_sink/src/lib.rs	1438	1438	regex	
transient_error_does_open_circuit_breaker	sinks/influxdb_sink/src/lib.rs	1460	1460	regex	
partial_batch_failure_does_not_reset_circuit_failure_counter	sinks/influxdb_sink/src/lib.rs	1481	1481	regex	
all_batches_succeeding_resets_circuit_failure_counter	sinks/influxdb_sink/src/lib.rs	1515	1515	regex	
measurement_defaults_to_iggy_messages_when_not_configured	sinks/influxdb_sink/src/lib.rs	1543	1543	regex	
measurement_uses_configured_value	sinks/influxdb_sink/src/lib.rs	1551	1551	regex	
get_client_before_open_returns_error	sinks/influxdb_sink/src/lib.rs	1559	1559	regex	
process_batch_body_has_newline_between_lines	sinks/influxdb_sink/src/lib.rs	1570	1570	regex	
precision_ns_does_not_overflow_large_micros	sinks/influxdb_sink/src/lib.rs	1605	1605	regex	
precision_ns_saturates_on_overflow	sinks/influxdb_sink/src/lib.rs	1616	1616	regex	
MongoDbSink	sinks/mongodb_sink/src/lib.rs	38	38	regex	
MongoDbSinkConfig	sinks/mongodb_sink/src/lib.rs	55	55	regex	
PayloadFormat	sinks/mongodb_sink/src/lib.rs	73	73	regex	
from_config	sinks/mongodb_sink/src/lib.rs	81	81	regex	
BatchInsertOutcome	sinks/mongodb_sink/src/lib.rs	91	91	regex	
new	sinks/mongodb_sink/src/lib.rs	97	97	regex	
open	sinks/mongodb_sink/src/lib.rs	129	129	regex	
consume	sinks/mongodb_sink/src/lib.rs	144	144	regex	
close	sinks/mongodb_sink/src/lib.rs	154	154	regex	
connect	sinks/mongodb_sink/src/lib.rs	173	173	regex	
ensure_collection_exists	sinks/mongodb_sink/src/lib.rs	202	202	regex	
process_messages	sinks/mongodb_sink/src/lib.rs	231	231	regex	
insert_batch	sinks/mongodb_sink/src/lib.rs	283	283	regex	
insert_batch_with_retry	sinks/mongodb_sink/src/lib.rs	409	409	regex	
get_client	sinks/mongodb_sink/src/lib.rs	462	462	regex	
build_composite_document_id	sinks/mongodb_sink/src/lib.rs	469	469	regex	
build_partition_metadata_value	sinks/mongodb_sink/src/lib.rs	480	480	regex	
build_offset_metadata_value	sinks/mongodb_sink/src/lib.rs	488	488	regex	
build_bson_datetime_value	sinks/mongodb_sink/src/lib.rs	496	496	regex	
build_checksum_metadata_value	sinks/mongodb_sink/src/lib.rs	502	502	regex	
classify_payload_format_value	sinks/mongodb_sink/src/lib.rs	510	510	regex	
count_duplicate_write_errors	sinks/mongodb_sink/src/lib.rs	524	524	regex	
estimate_inserted_count_value	sinks/mongodb_sink/src/lib.rs	542	542	regex	
is_transient_error	sinks/mongodb_sink/src/lib.rs	554	554	regex	
redact_connection_uri	sinks/mongodb_sink/src/lib.rs	586	586	regex	
given_default_config	sinks/mongodb_sink/src/lib.rs	601	601	regex	
given_payload_format_inputs_should_map_expected_variant	sinks/mongodb_sink/src/lib.rs	620	620	regex	
given_unknown_payload_format_should_mark_warning_contract	sinks/mongodb_sink/src/lib.rs	638	638	regex	
given_retry_configurations_should_use_expected_values	sinks/mongodb_sink/src/lib.rs	645	645	regex	
given_connection_uri_shapes_should_redact_consistently	sinks/mongodb_sink/src/lib.rs	669	669	regex	
given_payload_format_config_should_select_sink_format	sinks/mongodb_sink/src/lib.rs	688	688	regex	
given_offset_values_should_use_expected_metadata_field	sinks/mongodb_sink/src/lib.rs	705	705	regex	
given_partition_values_should_use_expected_bson_type	sinks/mongodb_sink/src/lib.rs	720	720	regex	
given_timestamp_values_should_use_bounded_bson_datetime	sinks/mongodb_sink/src/lib.rs	734	734	regex	
given_checksum_values_should_use_lossless_bson_value	sinks/mongodb_sink/src/lib.rs	747	747	regex	
given_cross_topic_messages_should_build_unique_document_ids	sinks/mongodb_sink/src/lib.rs	761	761	regex	
given_auto_create_collection_config_should_store_expected_option	sinks/mongodb_sink/src/lib.rs	785	785	regex	
given_io_timeout_error_should_be_transient	sinks/mongodb_sink/src/lib.rs	800	800	regex	
given_io_network_error_should_be_transient	sinks/mongodb_sink/src/lib.rs	807	807	regex	
given_string_timeout_error_should_be_transient	sinks/mongodb_sink/src/lib.rs	815	815	regex	
given_string_pool_error_should_be_transient	sinks/mongodb_sink/src/lib.rs	821	821	regex	
given_auth_failure_string_should_not_be_transient	sinks/mongodb_sink/src/lib.rs	827	827	regex	
given_duplicate_key_string_should_not_be_transient	sinks/mongodb_sink/src/lib.rs	834	834	regex	
given_no_client_should_return_error_not_silent_ok	sinks/mongodb_sink/src/lib.rs	849	849	regex	
given_new_sink_should_have_zero_messages_processed	sinks/mongodb_sink/src/lib.rs	901	901	regex	
PostgresSink	sinks/postgres_sink/src/lib.rs	40	40	regex	
PostgresSinkConfig	sinks/postgres_sink/src/lib.rs	50	50	regex	
PayloadFormat	sinks/postgres_sink/src/lib.rs	67	67	regex	
from_config	sinks/postgres_sink/src/lib.rs	75	75	regex	
sql_type	sinks/postgres_sink/src/lib.rs	83	83	regex	
State	sinks/postgres_sink/src/lib.rs	93	93	regex	
new	sinks/postgres_sink/src/lib.rs	99	99	regex	
open	sinks/postgres_sink/src/lib.rs	121	121	regex	
consume	sinks/postgres_sink/src/lib.rs	131	131	regex	
close	sinks/postgres_sink/src/lib.rs	141	141	regex	
connect	sinks/postgres_sink/src/lib.rs	162	162	regex	
ensure_table_exists	sinks/postgres_sink/src/lib.rs	184	184	regex	
process_messages	sinks/postgres_sink/src/lib.rs	228	228	regex	
insert_batch	sinks/postgres_sink/src/lib.rs	268	268	regex	
execute_batch_insert_with_retry	sinks/postgres_sink/src/lib.rs	308	308	regex	
bind_and_execute_batch	sinks/postgres_sink/src/lib.rs	359	359	regex	
get_pool	sinks/postgres_sink/src/lib.rs	431	431	regex	
payload_format	sinks/postgres_sink/src/lib.rs	437	437	regex	
get_max_retries	sinks/postgres_sink/src/lib.rs	441	441	regex	
parse_timestamp	sinks/postgres_sink/src/lib.rs	445	445	regex	
build_batch_insert_query	sinks/postgres_sink/src/lib.rs	453	453	regex	
is_transient_error	sinks/postgres_sink/src/lib.rs	505	505	regex	
quote_identifier	sinks/postgres_sink/src/lib.rs	521	521	regex	
redact_connection_string	sinks/postgres_sink/src/lib.rs	534	534	regex	
test_config	sinks/postgres_sink/src/lib.rs	549	549	regex	
given_json_format_should_return_json	sinks/postgres_sink/src/lib.rs	567	567	regex	
given_text_format_should_return_text	sinks/postgres_sink/src/lib.rs	583	583	regex	
given_bytea_or_unknown_format_should_return_bytea	sinks/postgres_sink/src/lib.rs	595	595	regex	
given_payload_format_should_return_correct_sql_type	sinks/postgres_sink/src/lib.rs	608	608	regex	
given_all_options_enabled_should_build_full_insert_query	sinks/postgres_sink/src/lib.rs	615	615	regex	
given_metadata_disabled_should_build_minimal_insert_query	sinks/postgres_sink/src/lib.rs	634	634	regex	
given_only_checksum_enabled_should_include_checksum	sinks/postgres_sink/src/lib.rs	649	649	regex	
given_microseconds_should_parse_timestamp_correctly	sinks/postgres_sink/src/lib.rs	662	662	regex	
given_default_config_should_use_default_retries	sinks/postgres_sink/src/lib.rs	671	671	regex	
given_custom_retries_should_use_custom_value	sinks/postgres_sink/src/lib.rs	677	677	regex	
given_default_config_should_use_default_retry_delay	sinks/postgres_sink/src/lib.rs	685	685	regex	
given_custom_retry_delay_should_parse_humantime	sinks/postgres_sink/src/lib.rs	691	691	regex	
given_verbose_logging_enabled_should_set_verbose_flag	sinks/postgres_sink/src/lib.rs	699	699	regex	
given_verbose_logging_disabled_should_not_set_verbose_flag	sinks/postgres_sink/src/lib.rs	707	707	regex	
given_connection_string_with_credentials_should_redact	sinks/postgres_sink/src/lib.rs	713	713	regex	
given_connection_string_without_scheme_should_redact	sinks/postgres_sink/src/lib.rs	720	720	regex	
given_postgresql_scheme_should_redact	sinks/postgres_sink/src/lib.rs	727	727	regex	
given_special_chars_in_identifier_should_escape	sinks/postgres_sink/src/lib.rs	734	734	regex	
given_empty_identifier_should_fail	sinks/postgres_sink/src/lib.rs	740	740	regex	
given_null_char_in_identifier_should_fail	sinks/postgres_sink/src/lib.rs	746	746	regex	
given_normal_identifier_should_quote	sinks/postgres_sink/src/lib.rs	752	752	regex	
given_identifier_with_spaces_should_quote	sinks/postgres_sink/src/lib.rs	758	758	regex	
given_identifier_with_sql_injection_should_escape	sinks/postgres_sink/src/lib.rs	764	764	regex	
given_batch_of_3_rows_should_build_multi_row_insert_query	sinks/postgres_sink/src/lib.rs	770	770	regex	
given_batch_of_2_rows_minimal_should_build_correct_query	sinks/postgres_sink/src/lib.rs	786	786	regex	
QuickwitSink	sinks/quickwit_sink/src/lib.rs	29	29	regex	
QuickwitSinkConfig	sinks/quickwit_sink/src/lib.rs	37	37	regex	
IndexConfig	sinks/quickwit_sink/src/lib.rs	43	43	regex	
new	sinks/quickwit_sink/src/lib.rs	48	48	regex	
has_index	sinks/quickwit_sink/src/lib.rs	59	59	regex	
create_index	sinks/quickwit_sink/src/lib.rs	80	80	regex	
ingest	sinks/quickwit_sink/src/lib.rs	115	115	regex	
open	sinks/quickwit_sink/src/lib.rs	164	164	regex	
consume	sinks/quickwit_sink/src/lib.rs	175	175	regex	
close	sinks/quickwit_sink/src/lib.rs	206	206	regex	
State	sinks/stdout_sink/src/lib.rs	30	30	regex	
StdoutSink	sinks/stdout_sink/src/lib.rs	35	35	regex	
StdoutSinkConfig	sinks/stdout_sink/src/lib.rs	42	42	regex	
new	sinks/stdout_sink/src/lib.rs	47	47	regex	
open	sinks/stdout_sink/src/lib.rs	60	60	regex	
consume	sinks/stdout_sink/src/lib.rs	68	68	regex	
close	sinks/stdout_sink/src/lib.rs	101	101	regex	
State	sources/elasticsearch_source/src/lib.rs	47	47	regex	
ProcessingStats	sources/elasticsearch_source/src/lib.rs	65	65	regex	
StateConfig	sources/elasticsearch_source/src/lib.rs	79	79	regex	
ElasticsearchSourceConfig	sources/elasticsearch_source/src/lib.rs	95	95	regex	
ElasticsearchSource	sources/elasticsearch_source/src/lib.rs	110	110	regex	
new	sources/elasticsearch_source/src/lib.rs	119	119	regex	
serialize_state	sources/elasticsearch_source/src/lib.rs	163	163	regex	
create_state_storage	sources/elasticsearch_source/src/lib.rs	168	168	regex	
get_state_id	sources/elasticsearch_source/src/lib.rs	203	203	regex	
internal_state_to_source_state	sources/elasticsearch_source/src/lib.rs	212	212	regex	
source_state_to_internal_state	sources/elasticsearch_source/src/lib.rs	242	242	regex	
create_client	sources/elasticsearch_source/src/lib.rs	300	300	regex	
search_documents	sources/elasticsearch_source/src/lib.rs	320	320	regex	
open	sources/elasticsearch_source/src/lib.rs	445	445	regex	
poll	sources/elasticsearch_source/src/lib.rs	494	494	regex	
close	sources/elasticsearch_source/src/lib.rs	548	548	regex	
get_state	sources/elasticsearch_source/src/state_manager.rs	31	31	regex	
StateManager	sources/elasticsearch_source/src/state_manager.rs	106	106	regex	
new	sources/elasticsearch_source/src/state_manager.rs	113	113	regex	
create_storage	sources/elasticsearch_source/src/state_manager.rs	131	131	regex	
start_auto_save	sources/elasticsearch_source/src/state_manager.rs	161	161	regex	
get_state_stats	sources/elasticsearch_source/src/state_manager.rs	190	190	regex	
cleanup_old_states	sources/elasticsearch_source/src/state_manager.rs	218	218	regex	
auto_save_interval	sources/elasticsearch_source/src/state_manager.rs	239	239	regex	
StateStats	sources/elasticsearch_source/src/state_manager.rs	245	245	regex	
StateInfo	sources/elasticsearch_source/src/state_manager.rs	251	251	regex	
SourceState	sources/elasticsearch_source/src/state_manager.rs	260	260	regex	
StateStorage	sources/elasticsearch_source/src/state_manager.rs	275	275	regex	
save_source_state	sources/elasticsearch_source/src/state_manager.rs	277	277	regex	
load_source_state	sources/elasticsearch_source/src/state_manager.rs	280	280	regex	
delete_state	sources/elasticsearch_source/src/state_manager.rs	283	283	regex	
list_states	sources/elasticsearch_source/src/state_manager.rs	286	286	regex	
FileStateStorage	sources/elasticsearch_source/src/state_manager.rs	290	290	regex	
new	sources/elasticsearch_source/src/state_manager.rs	295	295	regex	
get_state_path	sources/elasticsearch_source/src/state_manager.rs	301	301	regex	
save_source_state	sources/elasticsearch_source/src/state_manager.rs	308	308	regex	
load_source_state	sources/elasticsearch_source/src/state_manager.rs	329	329	regex	
delete_state	sources/elasticsearch_source/src/state_manager.rs	348	348	regex	
list_states	sources/elasticsearch_source/src/state_manager.rs	361	361	regex	
InfluxDbSource	sources/influxdb_source/src/lib.rs	79	79	regex	
InfluxDbSourceConfig	sources/influxdb_source/src/lib.rs	102	102	regex	
PayloadFormat	sources/influxdb_source/src/lib.rs	133	133	regex	
from_config	sources/influxdb_source/src/lib.rs	141	141	regex	
schema	sources/influxdb_source/src/lib.rs	157	157	regex	
State	sources/influxdb_source/src/lib.rs	167	167	regex	
parse_scalar	sources/influxdb_source/src/lib.rs	189	189	regex	
is_header_record	sources/influxdb_source/src/lib.rs	219	219	regex	
is_timestamp_after	sources/influxdb_source/src/lib.rs	230	230	regex	
new	sources/influxdb_source/src/lib.rs	242	242	regex	
serialize_state	sources/influxdb_source/src/lib.rs	306	306	regex	
payload_format	sources/influxdb_source/src/lib.rs	310	310	regex	
cursor_field	sources/influxdb_source/src/lib.rs	314	314	regex	
get_max_retries	sources/influxdb_source/src/lib.rs	318	318	regex	
build_raw_client	sources/influxdb_source/src/lib.rs	325	325	regex	
get_client	sources/influxdb_source/src/lib.rs	333	333	regex	
build_health_url	sources/influxdb_source/src/lib.rs	339	339	regex	
build_query_url	sources/influxdb_source/src/lib.rs	345	345	regex	
cursor_re	sources/influxdb_source/src/lib.rs	353	353	regex	
validate_cursor	sources/influxdb_source/src/lib.rs	360	360	regex	
validate_cursor_field	sources/influxdb_source/src/lib.rs	378	378	regex	
query_with_params	sources/influxdb_source/src/lib.rs	390	390	regex	
run_query	sources/influxdb_source/src/lib.rs	417	417	regex	
parse_csv_rows	sources/influxdb_source/src/lib.rs	469	469	regex	
build_payload	sources/influxdb_source/src/lib.rs	521	521	regex	
poll_messages	sources/influxdb_source/src/lib.rs	587	587	regex	
open	sources/influxdb_source/src/lib.rs	676	676	regex	
poll	sources/influxdb_source/src/lib.rs	739	739	regex	
close	sources/influxdb_source/src/lib.rs	845	845	regex	
make_config	sources/influxdb_source/src/lib.rs	865	865	regex	
make_source	sources/influxdb_source/src/lib.rs	890	890	regex	
validate_cursor_accepts_valid_rfc3339	sources/influxdb_source/src/lib.rs	897	897	regex	
validate_cursor_rejects_flux_injection_characters	sources/influxdb_source/src/lib.rs	905	905	regex	
validate_cursor_rejects_empty_string	sources/influxdb_source/src/lib.rs	914	914	regex	
validate_cursor_rejects_date_only	sources/influxdb_source/src/lib.rs	919	919	regex	
validate_cursor_field_accepts_time_columns	sources/influxdb_source/src/lib.rs	927	927	regex	
validate_cursor_field_rejects_non_timestamp_columns	sources/influxdb_source/src/lib.rs	933	933	regex	
parse_scalar_empty_is_null	sources/influxdb_source/src/lib.rs	943	943	regex	
parse_scalar_booleans	sources/influxdb_source/src/lib.rs	948	948	regex	
parse_scalar_integers	sources/influxdb_source/src/lib.rs	954	954	regex	
parse_scalar_floats	sources/influxdb_source/src/lib.rs	963	963	regex	
parse_scalar_strings	sources/influxdb_source/src/lib.rs	974	974	regex	
is_timestamp_after_compares_chronologically_not_lexicographically	sources/influxdb_source/src/lib.rs	989	989	regex	
is_timestamp_after_equal_timestamps	sources/influxdb_source/src/lib.rs	1006	1006	regex	
parse_csv_rows_empty_string_returns_empty	sources/influxdb_source/src/lib.rs	1014	1014	regex	
parse_csv_rows_skips_annotation_rows	sources/influxdb_source/src/lib.rs	1021	1021	regex	
parse_csv_rows_skips_blank_lines	sources/influxdb_source/src/lib.rs	1032	1032	regex	
parse_csv_rows_skips_repeated_header_rows	sources/influxdb_source/src/lib.rs	1042	1042	regex	
parse_csv_rows_handles_empty_value_columns	sources/influxdb_source/src/lib.rs	1051	1051	regex	
build_payload_missing_column_returns_error	sources/influxdb_source/src/lib.rs	1069	1069	regex	
build_payload_invalid_base64_returns_error	sources/influxdb_source/src/lib.rs	1089	1089	regex	
build_payload_invalid_json_returns_error	sources/influxdb_source/src/lib.rs	1110	1110	regex	
build_payload_valid_base64_decodes_correctly	sources/influxdb_source/src/lib.rs	1130	1130	regex	
build_payload_text_column_returns_bytes	sources/influxdb_source/src/lib.rs	1146	1146	regex	
build_payload_whole_row_wraps_measurement_and_value	sources/influxdb_source/src/lib.rs	1161	1161	regex	
build_payload_include_metadata_false_filters_fields	sources/influxdb_source/src/lib.rs	1181	1181	regex	
poll_returns_empty_when_circuit_is_open	sources/influxdb_source/src/lib.rs	1209	1209	regex	
query_with_params_inflates_limit_by_already_seen	sources/influxdb_source/src/lib.rs	1234	1234	regex	
query_with_params_no_inflation_when_already_seen_is_zero	sources/influxdb_source/src/lib.rs	1247	1247	regex	
close_drops_client	sources/influxdb_source/src/lib.rs	1264	1264	regex	
cursor_row_count_corrected_when_inflated_above_actual_row_count_at_cursor	sources/influxdb_source/src/lib.rs	1274	1274	regex	
open_returns_invalid_state_when_persisted_state_cannot_be_deserialized	sources/influxdb_source/src/lib.rs	1351	1351	regex	
fresh_start_with_no_prior_state_does_not_set_restore_failed	sources/influxdb_source/src/lib.rs	1368	1368	regex	
payload_format_aliases	sources/influxdb_source/src/lib.rs	1381	1381	regex	
payload_format_schema_mapping	sources/influxdb_source/src/lib.rs	1394	1394	regex	
PostgresSource	sources/postgres_source/src/lib.rs	43	43	regex	
PostgresSourceConfig	sources/postgres_source/src/lib.rs	54	54	regex	
PayloadFormat	sources/postgres_source/src/lib.rs	83	83	regex	
from_config	sources/postgres_source/src/lib.rs	92	92	regex	
State	sources/postgres_source/src/lib.rs	103	103	regex	
DatabaseRecord	sources/postgres_source/src/lib.rs	110	110	regex	
new	sources/postgres_source/src/lib.rs	121	121	regex	
serialize_state	sources/postgres_source/src/lib.rs	156	156	regex	
open	sources/postgres_source/src/lib.rs	163	163	regex	
poll	sources/postgres_source/src/lib.rs	202	202	regex	
close	sources/postgres_source/src/lib.rs	247	247	regex	
connect	sources/postgres_source/src/lib.rs	266	266	regex	
setup_cdc	sources/postgres_source/src/lib.rs	288	288	regex	
poll_cdc	sources/postgres_source/src/lib.rs	343	343	regex	
poll_cdc_builtin	sources/postgres_source/src/lib.rs	367	367	regex	
poll_tables	sources/postgres_source/src/lib.rs	437	437	regex	
mark_or_delete_processed_rows	sources/postgres_source/src/lib.rs	591	591	regex	
get_pool	sources/postgres_source/src/lib.rs	658	658	regex	
payload_format	sources/postgres_source/src/lib.rs	664	664	regex	
get_max_retries	sources/postgres_source/src/lib.rs	673	673	regex	
build_polling_query	sources/postgres_source/src/lib.rs	677	677	regex	
validate_custom_query	sources/postgres_source/src/lib.rs	722	722	regex	
substitute_query_params	sources/postgres_source/src/lib.rs	733	733	regex	
parse_logical_replication_message	sources/postgres_source/src/lib.rs	755	755	regex	
parse_insert_message	sources/postgres_source/src/lib.rs	779	779	regex	
parse_update_message	sources/postgres_source/src/lib.rs	804	804	regex	
parse_delete_message	sources/postgres_source/src/lib.rs	829	829	regex	
extract_payload_column	sources/postgres_source/src/lib.rs	854	854	regex	
extract_column_value	sources/postgres_source/src/lib.rs	889	889	regex	
quote_identifier	sources/postgres_source/src/lib.rs	1010	1010	regex	
format_offset_value	sources/postgres_source/src/lib.rs	1021	1021	regex	
to_snake_case	sources/postgres_source/src/lib.rs	1029	1029	regex	
parse_record_data	sources/postgres_source/src/lib.rs	1053	1053	regex	
with_retry	sources/postgres_source/src/lib.rs	1091	1091	regex	
is_transient_error	sources/postgres_source/src/lib.rs	1115	1115	regex	
redact_connection_string	sources/postgres_source/src/lib.rs	1131	1131	regex	
test_config	sources/postgres_source/src/lib.rs	1146	1146	regex	
given_last_offset_polling_query_should_be_built	sources/postgres_source/src/lib.rs	1176	1176	regex	
given_initial_offset_polling_query_should_be_built	sources/postgres_source/src/lib.rs	1188	1188	regex	
given_processed_column_polling_query_should_include_filter	sources/postgres_source/src/lib.rs	1203	1203	regex	
given_numeric_offset_should_not_quote_value	sources/postgres_source/src/lib.rs	1214	1214	regex	
given_special_chars_in_identifier_should_escape	sources/postgres_source/src/lib.rs	1224	1224	regex	
given_empty_identifier_should_fail	sources/postgres_source/src/lib.rs	1230	1230	regex	
given_insert_message_should_parse_correctly	sources/postgres_source/src/lib.rs	1236	1236	regex	
given_update_message_should_parse_correctly	sources/postgres_source/src/lib.rs	1250	1250	regex	
given_delete_message_should_parse_correctly	sources/postgres_source/src/lib.rs	1264	1264	regex	
given_custom_query_params_should_substitute_correctly	sources/postgres_source/src/lib.rs	1278	1278	regex	
given_custom_query_with_time_params_should_substitute_correctly	sources/postgres_source/src/lib.rs	1292	1292	regex	
given_no_last_offset_should_use_initial_offset	sources/postgres_source/src/lib.rs	1303	1303	regex	
given_connection_string_with_credentials_should_redact	sources/postgres_source/src/lib.rs	1315	1315	regex	
given_connection_string_without_scheme_should_redact	sources/postgres_source/src/lib.rs	1322	1322	regex	
given_postgresql_scheme_should_redact	sources/postgres_source/src/lib.rs	1329	1329	regex	
given_persisted_state_should_restore_tracking_offsets	sources/postgres_source/src/lib.rs	1336	1336	regex	
given_no_state_should_start_fresh	sources/postgres_source/src/lib.rs	1367	1367	regex	
given_invalid_state_should_start_fresh	sources/postgres_source/src/lib.rs	1379	1379	regex	
state_should_be_serializable_and_deserializable	sources/postgres_source/src/lib.rs	1392	1392	regex	
RandomSource	sources/random_source/src/lib.rs	39	39	regex	
RandomSourceConfig	sources/random_source/src/lib.rs	49	49	regex	
State	sources/random_source/src/lib.rs	57	57	regex	
new	sources/random_source/src/lib.rs	62	62	regex	
serialize_state	sources/random_source/src/lib.rs	89	89	regex	
generate_messages	sources/random_source/src/lib.rs	93	93	regex	
generate_random_text	sources/random_source/src/lib.rs	126	126	regex	
open	sources/random_source/src/lib.rs	137	137	regex	
poll	sources/random_source/src/lib.rs	150	150	regex	
close	sources/random_source/src/lib.rs	185	185	regex	
Record	sources/random_source/src/lib.rs	196	196	regex	
test_config	sources/random_source/src/lib.rs	207	207	regex	
given_persisted_state_should_restore_messages_produced	sources/random_source/src/lib.rs	217	217	regex	
given_no_state_should_start_fresh	sources/random_source/src/lib.rs	235	235	regex	
given_invalid_state_should_start_fresh	sources/random_source/src/lib.rs	246	246	regex	
state_should_be_serializable_and_deserializable	sources/random_source/src/lib.rs	258	258	regex	
serialize_state_helper_should_produce_valid_connector_state	sources/random_source/src/lib.rs	271	271	regex	
